日期,10年国债-中国,股票-中国上证,股指期货-中国,能源期货-中国,肉类期货-中国,作物期货-中国,软商品期货-中国,金属期货-中国,名义有效汇率-中国,央行基准利率-中国,PPI-中国,,,,,,,,,
2000-1-1,NaN,1534.99,NaN,NaN,NaN,NaN,NaN,NaN,76.84,2.16,80.49739596,,,,,,,,,
2000-2-1,NaN,1714.57,NaN,NaN,NaN,NaN,NaN,NaN,78.15,2.16,80.59654578,,,,,,,,,
2000-3-1,NaN,1800.22,NaN,NaN,NaN,NaN,NaN,NaN,77.96,2.16,80.42357942,,,,,,,,,
2000-4-1,NaN,1836.32,NaN,NaN,NaN,NaN,NaN,NaN,78.13,2.16,80.28231942,,,,,,,,,
2000-5-1,NaN,1894.55,NaN,NaN,NaN,NaN,NaN,NaN,79.71,2.16,81.12797921,,,,,,,,,
2000-6-1,NaN,1928.1,NaN,NaN,NaN,NaN,NaN,NaN,78.65,2.16,81.67122739,,,,,,,,,
2000-7-1,NaN,2023.53,NaN,NaN,NaN,NaN,NaN,NaN,79.15,2.16,82.16416454,,,,,,,,,
2000-8-1,NaN,2021.19,NaN,NaN,NaN,NaN,NaN,NaN,79.82,2.16,82.41045045,,,,,,,,,
2000-9-1,NaN,1910.16,NaN,NaN,NaN,NaN,NaN,NaN,80.45,2.16,83.00415145,,,,,,,,,
2000-10-1,NaN,1961.28,NaN,NaN,NaN,NaN,NaN,NaN,81.41,2.16,83.25360518,,,,,,,,,
2000-11-1,NaN,2070.61,NaN,NaN,NaN,NaN,NaN,NaN,81.83,2.16,83.35093437,,,,,,,,,
2000-12-1,NaN,2073.47,NaN,NaN,NaN,NaN,NaN,NaN,81.79,2.16,82.5304538,,,,,,,,,
2001-1-1,NaN,2065.6,NaN,NaN,NaN,NaN,NaN,NaN,82.02,2.16,81.64850873,,,,,,,,,
2001-2-1,NaN,1959.18,NaN,NaN,NaN,NaN,NaN,NaN,82.22,2.16,81.32191469,,,,,,,,,
2001-3-1,NaN,2112.77,NaN,NaN,NaN,NaN,NaN,NaN,83.75,2.16,80.58442658,,,,,,,,,
2001-4-1,NaN,2119.18,NaN,NaN,NaN,NaN,NaN,NaN,84.87,2.16,80.2020371,,,,,,,,,
2001-5-1,NaN,2214.25,NaN,NaN,NaN,NaN,NaN,NaN,84.76,2.16,80.96572325,,,,,,,,,
2001-6-1,NaN,2218.02,NaN,NaN,NaN,NaN,NaN,NaN,85.41,2.16,81.18120003,,,,,,,,,
2001-7-1,NaN,1920.31,NaN,NaN,NaN,NaN,NaN,NaN,85.79,2.16,81.0960304,,,,,,,,,
2001-8-1,NaN,1834.13,NaN,NaN,NaN,NaN,NaN,NaN,84.21,2.16,80.76224145,,,,,,,,,
2001-9-1,NaN,1764.86,NaN,NaN,NaN,NaN,NaN,NaN,83.8,2.97,80.59703106,,,,,,,,,
2001-10-1,NaN,1689.17,NaN,NaN,NaN,NaN,NaN,NaN,84.5,2.97,80.67274342,,,,,,,,,
2001-11-1,NaN,1747.99,NaN,NaN,NaN,NaN,NaN,NaN,84.89,2.97,80.2669498,,,,,,,,,
2001-12-1,1,1645.97,NaN,NaN,NaN,NaN,NaN,NaN,85.5,2.97,79.22923565,,,,,,,,,
2002-1-1,1.00254775,1491.67,NaN,NaN,NaN,NaN,NaN,NaN,86.66,2.97,78.21927136,,,,,,,,,
2002-2-1,1.004605392,1524.7,NaN,NaN,NaN,NaN,NaN,NaN,87.22,2.97,77.90639427,,,,,,,,,
2002-3-1,1.007126884,1603.91,NaN,NaN,NaN,NaN,NaN,NaN,86.67,2.97,77.36104951,,,,,,,,,
2002-4-1,1.009377546,1667.75,NaN,NaN,NaN,NaN,NaN,NaN,86.26,2.97,77.74785476,,,,,,,,,
2002-5-1,1.011015371,1515.73,NaN,NaN,NaN,NaN,NaN,NaN,84.59,2.97,78.83632473,,,,,,,,,
2002-6-1,1.013142198,1732.76,NaN,NaN,NaN,NaN,NaN,NaN,83.14,2.97,79.15167003,,,,,,,,,
2002-7-1,1.015439079,1651.59,NaN,NaN,NaN,NaN,NaN,NaN,81.44,2.97,79.2308217,,,,,,,,,
2002-8-1,1.017957053,1666.62,NaN,NaN,NaN,NaN,NaN,NaN,82.18,2.97,79.38928334,,,,,,,,,
2002-9-1,1.020647318,1581.62,NaN,NaN,NaN,NaN,NaN,NaN,82.59,2.97,79.46867262,,,,,,,,,
2002-10-1,1.022695191,1507.5,NaN,NaN,NaN,NaN,NaN,NaN,83.36,2.97,79.86601599,,,,,,,,,
2002-11-1,1.025507956,1434.18,NaN,NaN,NaN,NaN,NaN,NaN,82.3,2.97,79.945882,,,,,,,,,
2002-12-1,1.028291911,1357.65,NaN,NaN,NaN,NaN,NaN,NaN,82,2.97,79.54615259,,,,,,,,,
2003-1-1,1.030979099,1499.81,NaN,NaN,NaN,NaN,NaN,NaN,80.53,2.97,80.26206797,,,,,,,,,
2003-2-1,1.033096273,1511.93,NaN,NaN,NaN,NaN,NaN,NaN,80.5,2.97,81.14495071,,,,,,,,,
2003-3-1,1.035749744,1510.58,NaN,NaN,NaN,NaN,NaN,NaN,80.57,2.97,81.06380576,,,,,,,,,
2003-4-1,1.038234727,1521.44,NaN,NaN,NaN,NaN,NaN,NaN,80.52,2.97,80.73955054,,,,,,,,,
2003-5-1,1.040354791,1576.26,NaN,NaN,NaN,NaN,NaN,NaN,78.37,2.97,80.33585279,,,,,,,,,
2003-6-1,1.04275202,1486.02,NaN,NaN,NaN,NaN,NaN,NaN,78.24,2.97,80.09484523,,,,,,,,,
2003-7-1,1.045315996,1476.74,NaN,NaN,NaN,NaN,NaN,NaN,78.74,2.97,80.25503492,,,,,,,,,
2003-8-1,1.04747503,1421.98,NaN,NaN,NaN,NaN,NaN,NaN,79.26,2.97,80.41554499,,,,,,,,,
2003-9-1,1.050131987,1367.16,NaN,NaN,NaN,NaN,NaN,NaN,78.35,2.97,80.49596053,,,,,,,,,
2003-10-1,1.052429261,1348.3,NaN,NaN,NaN,NaN,NaN,NaN,76.66,2.97,80.73744842,,,,,,,,,
2003-11-1,1.055422321,1397.22,NaN,NaN,NaN,NaN,NaN,NaN,76.66,2.97,81.383348,,,,,,,,,
2003-12-1,1.058746837,1497.04,NaN,NaN,NaN,NaN,NaN,NaN,75.51,2.97,81.87164809,,,,,,,,,
2004-1-1,1.061360453,1590.73,NaN,NaN,NaN,NaN,NaN,NaN,74.53,2.97,82.93597952,,,,,,,,,
2004-2-1,1.064746175,1675.07,NaN,NaN,NaN,NaN,NaN,NaN,74.38,2.97,84.01414725,,,,,,,,,
2004-3-1,1.06818833,1741.62,NaN,NaN,NaN,NaN,NaN,NaN,75.27,3.24,84.26618969,,,,,,,,,
2004-4-1,1.071729059,1595.59,NaN,NaN,NaN,NaN,NaN,NaN,75.51,3.24,84.77178683,,,,,,,,,
2004-5-1,1.074735705,1555.91,NaN,NaN,NaN,NaN,NaN,NaN,76.64,3.24,84.9413304,,,,,,,,,
2004-6-1,1.078601346,1399.16,NaN,NaN,NaN,NaN,NaN,NaN,75.83,3.24,85.28109573,,,,,,,,,
2004-7-1,1.082782066,1386.2,NaN,NaN,NaN,NaN,NaN,NaN,75.5,3.24,85.62222011,,,,,,,,,
2004-8-1,1.087145658,1342.06,NaN,NaN,NaN,NaN,NaN,NaN,75.92,3.24,86.13595343,,,,,,,,,
2004-9-1,1.091827055,1396.7,NaN,NaN,NaN,NaN,NaN,NaN,75.72,3.24,87.08344892,,,,,,,,,
2004-10-1,1.095403813,1320.54,NaN,NaN,NaN,NaN,NaN,NaN,74.92,3.24,87.78011651,,,,,,,,,
2004-11-1,1.100187603,1340.77,NaN,NaN,NaN,NaN,NaN,NaN,72.96,3.24,88.21901709,,,,,,,,,
2004-12-1,1.104951436,1266.5,NaN,NaN,NaN,NaN,NaN,NaN,71.87,3.24,87.86614102,,,,,,,,,
2005-1-1,1.109378608,1191.82,NaN,NaN,NaN,NaN,NaN,NaN,72.12,3.24,87.95400716,,,,,,,,,
2005-2-1,1.112821741,1306,1029.38,NaN,NaN,NaN,NaN,NaN,72.18,3.24,88.56968521,,,,,,,,,
2005-3-1,1.117021195,1181.24,880.9,NaN,NaN,NaN,NaN,NaN,71.78,3.24,89.01253364,,,,,,,,,
2005-4-1,1.120801847,1159.15,802.28,NaN,NaN,NaN,NaN,NaN,72.58,3.24,89.99167151,,,,,,,,,
2005-5-1,1.12362152,1060.74,775.74,NaN,NaN,NaN,NaN,NaN,72.81,3.24,90.17165485,,,,,,,,,
2005-6-1,1.127038079,1080.94,781.83,NaN,NaN,NaN,NaN,NaN,73.94,3.24,89.81096823,,,,,,,,,
2005-7-1,1.130225347,1083.03,722.87,NaN,NaN,NaN,NaN,NaN,75.34,3.24,89.99059017,,,,,,,,,
2005-8-1,1.133349683,1162.8,850.73,NaN,NaN,NaN,NaN,NaN,75.64,3.24,90.6205243,,,,,,,,,
2005-9-1,1.136504409,1155.61,870.96,NaN,NaN,NaN,NaN,NaN,75.94,3.24,90.89238587,,,,,,,,,
2005-10-1,1.138714638,1092.82,812.45,NaN,NaN,NaN,NaN,NaN,77.08,3.24,91.16506303,,,,,,,,,
2005-11-1,1.141810057,1099.26,839.24,NaN,NaN,NaN,NaN,NaN,77.94,3.24,90.98273291,,,,,,,,,
2005-12-1,1.144881241,1161.06,842.74,NaN,NaN,NaN,NaN,NaN,77.61,3.24,90.61880197,,,,,,,,,
2006-1-1,1.147262038,1258.05,887.72,NaN,NaN,NaN,NaN,NaN,76.29,3.24,90.61880197,,,,,,,,,
2006-2-1,1.149661536,1299.03,929.38,NaN,NaN,NaN,NaN,NaN,76.81,3.24,91.25313359,,,,,,,,,
2006-3-1,1.152449965,1298.3,923.19,NaN,NaN,NaN,NaN,NaN,76.9,3.24,91.25313359,,,,,,,,,
2006-4-1,1.155312651,1440.22,965.29,NaN,NaN,NaN,NaN,NaN,76.37,3.24,91.70939926,,,,,,,,,
2006-5-1,1.157580162,1641.3,1224.03,NaN,NaN,NaN,NaN,NaN,74.72,3.24,92.44307445,,,,,,,,,
2006-6-1,1.160564658,1672.21,1336.66,NaN,NaN,NaN,NaN,NaN,75.86,3.24,92.9977329,,,,,,,,,
2006-7-1,1.163666994,1612.73,1309.66,NaN,NaN,NaN,NaN,NaN,75.96,3.24,93.27672609,,,,,,,,,
2006-8-1,1.166815257,1658.64,1336.31,NaN,NaN,NaN,NaN,NaN,75.85,3.24,93.74310973,,,,,,,,,
2006-9-1,1.169855695,1752.42,1411.51,NaN,NaN,NaN,NaN,NaN,76.49,3.24,93.64936662,,,,,,,,,
2006-10-1,1.172112563,1837.99,1396.96,NaN,NaN,NaN,NaN,NaN,77.17,3.24,93.83666535,,,,,,,,,
2006-11-1,1.175028481,2099.29,1421.48,NaN,NaN,NaN,NaN,NaN,76.61,3.24,93.55515535,,,,,,,,,
2006-12-1,1.177989677,2675.47,1485.1,NaN,NaN,NaN,NaN,NaN,76.19,3.24,93.55515535,,,,,,,,,
2007-1-1,1.180692659,2786.33,1830.29,NaN,NaN,NaN,NaN,NaN,77.34,3.24,93.74226566,,,,,,,,,
2007-2-1,1.18305666,2881.07,2199.83,NaN,NaN,NaN,NaN,NaN,77.57,3.24,93.74226566,,,,,,,,,
2007-3-1,1.186310859,3183.98,2731.18,NaN,NaN,NaN,NaN,NaN,77.1,3.24,93.83600793,,,,,,,,,
2007-4-1,1.189802998,3841.27,3654.97,NaN,NaN,NaN,NaN,32410,76.62,3.24,94.49285998,,,,,,,,,
2007-5-1,1.192817299,4109.65,3894.68,NaN,NaN,NaN,NaN,30520,77.15,3.24,95.15431,,,,,,,,,
2007-6-1,1.197087954,3820.7,3152.37,NaN,NaN,NaN,NaN,26480,77.8,3.24,95.43977293,,,,,,,,,
2007-7-1,1.201506383,4471.03,4005.34,NaN,NaN,NaN,NaN,28660,77.45,3.24,95.63065248,,,,,,,,,
2007-8-1,1.205799356,5218.83,4515.24,NaN,NaN,NaN,NaN,28385,77.55,3.24,96.30006705,,,,,,,,,
2007-9-1,1.210223978,5552.3,4582.44,NaN,NaN,NaN,NaN,27315,77.3,3.24,96.30006705,,,,,,,,,
2007-10-1,1.213725831,5954.77,4009.75,NaN,NaN,NaN,NaN,25620,76.46,3.24,96.97416752,,,,,,,,,
2007-11-1,1.218324776,4871.78,3733.48,NaN,NaN,NaN,NaN,19795,76.04,3.24,97.94390919,,,,,,,,,
2007-12-1,1.222652344,5261.56,4493.41,3644,NaN,NaN,NaN,19245,77.03,3.24,98.72746047,,,,,,,,,
2008-1-1,1.227084862,4383.39,4215.11,3859,NaN,NaN,NaN,19710,77.76,4.32,99.51728015,,,,,,,,,
2008-2-1,1.230409195,4348.54,4646.54,4464,NaN,NaN,NaN,21530,78.23,4.32,100.0148666,,,,,,,,,
2008-3-1,1.234627067,3472.71,3861.6,4480,NaN,NaN,NaN,19350,77.4,4.32,101.3150598,,,,,,,,,
2008-4-1,1.238596187,3693.11,3584.35,4850,NaN,NaN,NaN,18220,78.12,4.32,102.1255803,,,,,,,,,
2008-5-1,1.242500727,3433.35,3506.84,4700,NaN,NaN,NaN,16625,79.31,4.32,102.9425849,,,,,,,,,
2008-6-1,1.246774737,2736.1,2579.61,5303,NaN,NaN,NaN,16130,80.5,4.32,103.9720108,,,,,,,,,
2008-7-1,1.251411922,2775.72,2834.1,5100,NaN,NaN,NaN,15535,80.67,4.32,105.3236469,,,,,,,,,
2008-8-1,1.256016487,2397.37,2105.88,4750,NaN,NaN,NaN,14180,82.68,4.32,106.0609125,,,,,,,,,
2008-9-1,1.259606287,2293.78,1917.37,4498,NaN,NaN,2754,14045,84.93,4.32,105.2124252,,,,,,,,,
2008-10-1,1.262521481,1728.79,1406.76,3460,NaN,NaN,2763,8930,88.89,4.32,103.5290264,,,,,,,,,
2008-11-1,1.265683534,1871.16,1719.43,2124,NaN,NaN,3006,9395,91.09,2.97,100.0090395,,,,,,,,,
2008-12-1,1.268693472,1820.81,1830.82,2496,NaN,NaN,2738,10025,88.85,1.8,97.70883155,,,,,,,,,
2009-1-1,1.270942378,1990.66,2122.35,2716,NaN,NaN,2907,10565,89.6,1.8,96.34090791,,,,,,,,,
2009-2-1,1.274320351,2082.85,2302.02,2913,NaN,NaN,3474,10430,91.99,1.8,95.66652155,,,,,,,,,
2009-3-1,1.277667035,2373.21,2814.17,2972,NaN,NaN,3657,11675,92.56,1.8,95.37952199,,,,,,,,,
2009-4-1,1.280888281,2477.57,2971.9,3217,NaN,NaN,3752,12405,90.83,1.8,95.57028103,,,,,,,,,
2009-5-1,1.283704207,2632.93,3179.67,3480,NaN,NaN,3764,12645,88.31,1.8,95.66585131,,,,,,,,,
2009-6-1,1.287094834,2959.36,3335.1,3657,NaN,NaN,3780,13325,87.21,1.8,95.95284887,,,,,,,,,
2009-7-1,1.290725239,3412.06,3771.17,3666,NaN,NaN,3756,14255,86.76,1.8,96.91237735,,,,,,,,,
2009-8-1,1.294499776,2667.75,3163.17,3799,NaN,NaN,4167,14740,86.02,1.8,97.68767637,,,,,,,,,
2009-9-1,1.298253661,2779.43,3250.4,3716,NaN,NaN,4250,15045,84.83,1.8,98.27380243,,,,,,,,,
2009-10-1,1.301182573,2995.85,3665.99,3930,NaN,NaN,4062,16470,83.62,1.8,98.37207623,,,,,,,,,
2009-11-1,1.305172138,3195.3,4264.05,3996,NaN,NaN,4565,17690,83.07,1.8,98.96230869,,,,,,,,,
2009-12-1,1.309120123,3277.14,4391.28,4167,NaN,NaN,5215,20805,83.7,1.8,99.95193178,,,,,,,,,
2010-1-1,1.313095523,2989.29,4290.32,4409,NaN,NaN,5057,17610,84.02,1.8,100.4516914,,,,,,,,,
2010-2-1,1.316033698,3051.94,4653.34,4438,NaN,NaN,5437,17950,85.19,1.8,100.8534982,,,,,,,,,
2010-3-1,1.319769246,3109.1,4822.08,4570,NaN,NaN,5152,18475,84.97,1.8,101.3577657,,,,,,,,,
2010-4-1,1.323393257,2870.61,4527.76,4715,NaN,NaN,4945,17940,85.04,1.8,102.3713434,,,,,,,,,
2010-5-1,1.326817674,2592.15,4149.96,4325,NaN,NaN,4895,15650,87.3,1.8,102.9855714,,,,,,,,,
2010-6-1,1.330028314,2398.37,3732.65,4193,NaN,NaN,5128,14405,88.31,1.8,102.6766147,,,,,,,,,
2010-7-1,1.333615511,2637.5,4299.05,4243,NaN,NaN,5323,15950,86.95,1.8,102.2659082,,,,,,,,,
2010-8-1,1.337235833,2638.8,4755.85,4267,NaN,NaN,5441,16895,85.72,1.8,102.6749719,,,,,,,,,
2010-9-1,1.340480605,2655.66,4785.49,4280,NaN,NaN,5703,17310,85.42,1.8,103.2910217,,,,,,,,,
2010-10-1,1.343523414,2978.83,5211.52,4434,NaN,NaN,7350,19255,83.82,1.8,104.0140589,,,,,,,,,
2010-11-1,1.347880583,2820.18,5294.7,4505,NaN,NaN,6358,16885,84.49,1.8,105.4702557,,,,,,,,,
2010-12-1,1.352206806,2808.08,5155.56,4595,NaN,NaN,6875,19070,85.46,2.25,106.2085475,,,,,,,,,
2011-1-1,1.356439869,2790.69,4816.66,4562,NaN,NaN,7268,18350,85.28,2.25,107.1325618,,,,,,,,,
2011-2-1,1.359916629,2905.05,5347.3,4667,NaN,NaN,7221,18945,84.91,2.25,108.0431886,,,,,,,,,
2011-3-1,1.364334278,2928.11,5285.19,4560,NaN,NaN,7121,17855,84.36,2.25,108.7130564,,,,,,,,,
2011-4-1,1.368356015,2911.51,5027.55,4780,NaN,NaN,7176,17025,83.71,2.25,109.3109782,,,,,,,,,
2011-5-1,1.372535291,2743.47,4661.69,4950,NaN,NaN,6857,17070,83.89,2.25,109.6826355,,,,,,,,,
2011-6-1,1.37679562,2762.08,4872.27,4860,NaN,NaN,7018,17450,84.04,2.25,109.6497307,,,,,,,,,
2011-7-1,1.381352469,2701.73,4963.42,4825,NaN,NaN,7652,18540,83.91,2.25,109.6826256,,,,,,,,,
2011-8-1,1.385955085,2567.34,4798.73,4914,NaN,NaN,7688,17085,84.52,2.25,109.8032765,,,,,,,,,
2011-9-1,1.390379721,2359.22,4174.45,4850,NaN,NaN,7191,14920,87.01,2.25,109.8252372,,,,,,,,,
2011-10-1,1.393805657,2468.25,4350.13,4930,NaN,NaN,7154,15445,88.14,2.25,109.1003906,,,,,,,,,
2011-11-1,1.398042942,2333.41,4164.11,4750,NaN,NaN,6561,15180,88.8,2.25,108.358508,,,,,,,,,
2011-12-1,1.402086553,2199.42,3456.29,5299,NaN,NaN,6423,14650,90.01,2.25,108.0117607,,,,,,,,,
2012-1-1,1.404902089,2292.61,3406.68,5080,NaN,NaN,6653,15780,90.33,2.25,107.9361525,,,,,,,,,
2012-2-1,1.409011116,2428.49,3858.54,5283,NaN,2210,6577,15865,89.22,2.25,108.0872631,,,,,,,,,
2012-3-1,1.413166688,2262.79,3560.49,5450,NaN,2276,6599,15240,89.89,2.25,108.3790987,,,,,,,,,
2012-4-1,1.416604523,2396.32,3837.88,5330,NaN,2282,6582,15435,90.15,2.25,108.5525053,,,,,,,,,
2012-5-1,1.420482437,2372.23,3898.59,4906,NaN,2215,6431,14710,91.1,2.25,108.150861,,,,,,,,,
2012-6-1,1.424278185,2225.43,3610.25,4260,NaN,2224,6163,14435,91.47,2.25,107.3613597,,,,,,,,,
2012-7-1,1.428174773,2103.63,3272.06,4525,NaN,2273,5632,14630,91.21,2.25,106.5346773,,,,,,,,,
2012-8-1,1.432148162,2047.52,3354.8,4930,NaN,2324,5831,14660,90.76,2.25,105.9806969,,,,,,,,,
2012-9-1,1.436287866,2086.17,3359.22,5041,NaN,2293,5457,15470,90.06,2.25,105.9171085,,,,,,,,,
2012-10-1,1.439589538,2068.88,3342.92,4950,NaN,2331,5832,14640,90.45,2.25,106.0865759,,,,,,,,,
2012-11-1,1.443845701,1980.12,2930.45,4920,NaN,2331,5517,15110,91.61,2.25,105.959272,,,,,,,,,
2012-12-1,1.448149587,2269.13,3406.8,5010,NaN,2400,5686,15265,91.27,2.25,105.8956964,,,,,,,,,
2013-1-1,1.452124798,2385.42,3639.19,4910,NaN,2412,5451,15700,91.88,2.25,106.1498461,,,,,,,,,
2013-2-1,1.455479322,2365.59,3815.72,5200,NaN,2412,5503,15430,92.57,2.25,106.3090709,,,,,,,,,
2013-3-1,1.459820127,2236.62,3712.22,5185,NaN,2375,5413,14690,94.06,2.25,106.2771782,,,,,,,,,
2013-4-1,1.463355987,2177.91,3627.5,4810,NaN,2260,5436,14655,94.83,2.25,105.6926537,,,,,,,,,
2013-5-1,1.467350403,2300.59,4210.97,4646,NaN,2332,5276,14715,96.27,2.25,105.0373592,,,,,,,,,
2013-6-1,1.471061938,1979.21,3602.11,4494,NaN,2280,5336,14410,96.51,2.25,104.4596538,,,,,,,,,
2013-7-1,1.47551732,1993.8,3900.49,4986,NaN,2506,5213,14455,97.3,2.25,104.1149369,,,,,,,,,
2013-8-1,1.480328748,2098.38,4181.74,4539,NaN,2437,5320,14860,97.16,2.25,104.2606978,,,,,,,,,
2013-9-1,1.484888723,2174.67,4470.45,4017,NaN,2700,5341,14810,96.93,2.25,104.5004974,,,,,,,,,
2013-10-1,1.48891817,2141.61,4270.97,4056,NaN,2680,5500,14970,95.87,2.25,104.5004974,,,,,,,,,
2013-11-1,1.49445603,2220.5,4643.3,3598,NaN,2594,5063,14820,97.02,2.25,104.4691473,,,,,,,,,
2013-12-1,1.500121467,2115.98,4482.86,3800,NaN,2625,4851,15145,97.71,2.25,104.4795942,,,,,,,,,
2014-1-1,1.505576925,2033.08,4714.68,3339,NaN,2671,4493,14935,98.88,2.25,104.4273544,,,,,,,,,
2014-2-1,1.510129414,2056.3,4842.52,4681,NaN,2701,4435,15000,98.26,2.25,104.2184997,,,,,,,,,
2014-3-1,1.515798409,2033.31,4633.27,3872,NaN,2500,4782,14720,96.39,2.25,103.9058442,,,,,,,,,
2014-4-1,1.521087099,2026.36,4525.31,3614,NaN,2330,4711,15010,95.06,2.25,103.6487811,,,,,,,,,
2014-5-1,1.525928322,2039.21,4648.23,3882,NaN,2350,4761,15110,94.56,2.25,103.5916706,,,,,,,,,
2014-6-1,1.53083598,2048.33,4884.4,4165,NaN,2350,4566,15685,94.9,2.25,103.3701916,,,,,,,,,
2014-7-1,1.536202814,2201.56,5115.58,3017,NaN,2415,4525,16820,95.33,2.25,103.2744708,,,,,,,,,
2014-8-1,1.541639119,2217.2,5421.29,2303,NaN,2499,4110,16630,96.94,2.25,103.0701939,,,,,,,,,
2014-9-1,1.546746273,2363.87,6127.13,2787,NaN,2298,4265,16725,98.96,2.25,102.6579132,,,,,,,,,
2014-10-1,1.550666126,2420.18,6208.61,2600,NaN,2298,4252,16860,100.48,2.25,102.2472815,,,,,,,,,
2014-11-1,1.555298896,2682.83,6478.11,2819,NaN,2659,4563,16770,102.65,2.25,101.7436114,,,,,,,,,
2014-12-1,1.56007195,3234.68,6027.52,3370,NaN,2646,4638,16760,103.34,2.25,101.1029319,,,,,,,,,
2015-1-1,1.564461041,3210.36,6546.6,2869,NaN,2326,4885,16190,104.64,2.25,100,,,,,,,,,
2015-2-1,1.567879768,3310.3,7141.89,3418,NaN,2326,5045,16100,105.06,2.25,99.2694,,,,,,,,,
2015-3-1,1.572450482,3747.9,8780.74,2892,NaN,2476,5224,15970,107.12,2.25,99.19812457,,,,,,,,,
2015-4-1,1.576862093,4441.65,10180.49,3086,NaN,2635,5413,16890,107.1,2.25,98.94001105,,,,,,,,,
2015-5-1,1.581162446,4611.74,13027.21,3100,NaN,2166,5459,16705,106.18,2.25,98.84977776,,,,,,,,,
2015-6-1,1.585691926,4277.22,11381.47,3001,NaN,2123,5310,15370,107.02,2.25,98.42561336,,,,,,,,,
2015-7-1,1.590312597,3663.73,9223.64,2200,NaN,2361,5047,14965,108.33,2.25,97.76035464,,,,,,,,,
2015-8-1,1.594912526,3205.99,7950.46,1758,NaN,2369,4962,14845,107.36,2.25,96.99625971,,,,,,,,,
2015-9-1,1.598935265,3052.78,7727.51,2508,NaN,2231,5313,13820,107.29,2.25,96.60681973,,,,,,,,,
2015-10-1,1.602149554,3382.56,9188.27,2309,NaN,2231,5159,13920,106.72,2.25,96.22039245,,,,,,,,,
2015-11-1,1.606310088,3445.41,10001.19,2272,NaN,2403,5540,12970,108.19,2.25,95.73929049,,,,,,,,,
2015-12-1,1.610243802,3539.18,10614.38,2341,NaN,2320,5506,13345,107.05,2.25,95.16485474,,,,,,,,,
2016-1-1,1.614032216,2737.6,7385.76,2340,NaN,2370,5333,12920,106.15,2.25,94.68903047,,,,,,,,,
2016-2-1,1.617031638,2687.98,7183.68,2227,NaN,2370,5282,14000,105.44,2.25,94.40496338,,,,,,,,,
2016-3-1,1.620879464,3003.92,8447.18,2498,NaN,2543,5422,14090,104.65,2.25,94.8769882,,,,,,,,,
2016-4-1,1.624618164,2938.32,8291.7,2355,NaN,2151,5384,15095,103.29,2.25,95.54112711,,,,,,,,,
2016-5-1,1.628401623,2916.62,8197.56,2040,NaN,2422,5484,15000,103.15,2.25,96.01883275,,,,,,,,,
2016-6-1,1.632052363,2929.61,8741.1,2495,NaN,2325,5991,16295,101.87,2.25,95.82679508,,,,,,,,,
2016-7-1,1.635879066,2979.34,8501.09,2270,NaN,2220,5748,16870,100.58,2.25,96.01844867,,,,,,,,,
2016-8-1,1.639582869,3085.49,8838.38,2073,NaN,2212,5787,18065,99.9,2.25,96.21048557,,,,,,,,,
2016-9-1,1.643013731,3004.7,8660.89,2455,NaN,2333,6280,18200,99.8,2.25,96.691538,,,,,,,,,
2016-10-1,1.645895631,3100.49,8911.14,2592,NaN,2479,6332,19270,99.99,2.25,97.36837877,,,,,,,,,
2016-11-1,1.649773224,3250.03,9015.55,2646,NaN,2411,7188,22945,100.27,2.25,98.82890445,,,,,,,,,
2016-12-1,1.654100884,3103.64,8490.92,4001,NaN,2588,7101,20755,100.94,2.25,100.4101669,,,,,,,,,
2017-1-1,1.657780677,3159.17,8205.87,4001,NaN,2444,6897,22765,100.91,2.25,101.2134483,,,,,,,,,
2017-2-1,1.661994229,3241.73,8508.32,4100,NaN,2469,6751,22815,99.97,2.25,101.8207289,,,,,,,,,
2017-3-1,1.666604535,3222.51,8339.75,3915,NaN,2431,6506,23430,99.32,2.25,102.1261911,,,,,,,,,
2017-4-1,1.670855481,3154.66,7842.01,3720,NaN,2441,6464,21865,98.74,2.25,101.7176864,,,,,,,,,
2017-5-1,1.675263639,3117.18,7213.15,3473,NaN,2326,6529,22815,98.16,2.25,101.4125333,,,,,,,,,
2017-6-1,1.680247383,3192.43,7465.76,3402,NaN,2306,6349,22695,98.63,2.25,101.2097082,,,,,,,,,
2017-7-1,1.685269829,3273.03,7444.96,3431,NaN,2540,6065,23270,98.6,2.25,101.4121277,,,,,,,,,
2017-8-1,1.690359753,3360.81,7679.87,3745,NaN,2550,6513,25805,99.06,2.25,102.3248368,,,,,,,,,
2017-9-1,1.69546124,3348.94,7842.59,4000,NaN,2765,6128,26365,100.19,2.25,103.3480852,,,,,,,,,
2017-10-1,1.699542491,3393.34,7631.53,4024,NaN,2765,5946,26205,100.35,2.25,104.0715218,,,,,,,,,
2017-11-1,1.705094182,3317.19,7153.57,3771,NaN,2543,6421,24910,100.3,2.25,104.5918794,,,,,,,,,
2017-12-1,1.710628473,3307.17,7017.35,3870,NaN,2532,6194,25650,100.24,2.25,105.4286144,,,,,,,,,
2018-1-1,1.716241414,3480.83,6791.01,3765,NaN,2474,5833,26670,100.92,2.25,105.7449003,,,,,,,,,
2018-2-1,1.72052122,3259.41,6563.81,3765,NaN,2438,5681,26380,102.05,2.25,105.6391554,,,,,,,,,
2018-3-1,1.725959794,3168.9,6798.67,4317,NaN,2520,5626,24920,102.04,2.25,105.427877,,,,,,,,,
2018-4-1,1.730523494,3082.23,6517.05,3791,NaN,2380,5364,23995,102.86,2.25,105.2170213,,,,,,,,,
2018-5-1,1.735577294,3095.47,6315.17,3765,NaN,2596,5365,24480,103.97,2.25,105.6378894,,,,,,,,,
2018-6-1,1.740546692,2847.42,5608.54,3748,NaN,2596,5021,23350,103.44,2.25,105.954803,,,,,,,,,
2018-7-1,1.745635556,2876.4,5542.54,3172,NaN,2343,4975,21495,100.22,2.25,106.0607578,,,,,,,,,
2018-8-1,1.750825413,2725.25,5057.98,3188,NaN,2232,4616,21910,99,2.25,106.4850009,,,,,,,,,
2018-9-1,1.755894954,2821.35,4987.27,3347,NaN,2324,4693,22495,99.17,2.25,107.1239109,,,,,,,,,
2018-10-1,1.759978657,2602.78,4400.61,3441,NaN,2393,4905,21975,98.77,2.25,107.5524065,,,,,,,,,
2018-11-1,1.765008983,2588.19,4648.18,2869,NaN,2424,4939,20770,98.7,2.25,107.3373017,,,,,,,,,
2018-12-1,1.769857335,2493.9,4430.02,2201,NaN,2216,4718,21175,99.33,2.25,106.2639287,,,,,,,,,
2019-1-1,1.774459668,2584.57,4355.74,2542,NaN,2365,4985,22040,99.87,2.25,105.6263451,,,,,,,,,
2019-2-1,1.778022702,2940.95,5330.34,2704,NaN,2365,5094,21830,100.81,2.25,105.5207188,,,,,,,,,
2019-3-1,1.782667596,3090.76,5911.21,2775,NaN,2266,5052,22655,101.57,2.25,105.6262395,,,,,,,,,
2019-4-1,1.787409885,3078.34,5682.24,2757,NaN,2148,5127,21890,101.83,2.25,105.9431182,,,,,,,,,
2019-5-1,1.791719145,2898.7,5334.25,2602,NaN,2185,4977,21045,100.49,2.25,106.1550045,,,,,,,,,
2019-6-1,1.796308155,2978.88,5321.43,2415,NaN,2220,4950,20040,99.1,2.25,105.8365394,,,,,,,,,
2019-7-1,1.801050533,2932.51,5200.09,2872,NaN,2141,5318,19480,99.33,2.25,105.6248664,,,,,,,,,
2019-8-1,1.805623639,2886.24,5182.96,3184,NaN,2294,5474,18775,97.76,2.25,105.5192415,,,,,,,,,
2019-9-1,1.810059933,2905.19,5232.39,2650,NaN,2309,5617,18730,97.18,2.25,105.6247607,,,,,,,,,
2019-10-1,1.81388244,2929.06,5253.88,2731,NaN,2309,5676,18940,97.12,2.25,105.7303855,,,,,,,,,
2019-11-1,1.818748561,2871.98,5126.61,1803,NaN,2320,5551,18150,98.05,2.25,105.6246551,,,,,,,,,
2019-12-1,1.82355581,3050.12,5567.03,2157,NaN,2320,5581,18060,97.81,2.25,105.6246551,,,,,,,,,
2020-1-1,1.827028309,2976.53,5699.01,2212,NaN,2117,5675,18125,98.88,2.25,105.6246551,,,,,,,,,
2020-2-1,1.83133782,2880.3,5870.97,1871,NaN,2167,5637,15975,99.08,2.25,105.0965318,,,,,,,,,
2020-3-1,1.835384827,2750.3,5427.13,1334,NaN,2120,5512,15210,100.24,2.25,104.0455665,,,,,,,,,
2020-4-1,1.839104154,2860.08,5678.17,1161,NaN,1979,5378,16405,100.68,2.25,102.6929742,,,,,,,,,
2020-5-1,1.842652692,2852.35,5816.4,1374,NaN,2174,5209,16400,99.72,2.25,102.2822023,,,,,,,,,
2020-6-1,1.846616131,2984.67,6319.56,1443,NaN,2190,5049,16865,98.27,2.25,102.6913311,,,,,,,,,
2020-7-1,1.851154545,3310.01,7141.59,1631,NaN,2316,5006,18775,98.67,2,103.1020964,,,,,,,,,
2020-8-1,1.855760967,3395.68,7224.05,1855,NaN,2357,5186,20010,98.73,2,103.4114027,,,,,,,,,
2020-9-1,1.860574515,3218.05,6617.16,1728,NaN,2279,5186,19400,100.37,2,103.5148141,,,,,,,,,
2020-10-1,1.864233213,3224.53,6511.16,1601,NaN,2294,5213,19670,101.37,2,103.5148141,,,,,,,,,
2020-11-1,1.869289887,3391.76,6622.36,1854,NaN,2630,5134,21400,102.29,2,104.0323882,,,,,,,,,
2020-12-1,1.874341344,3473.07,6646.47,1934,NaN,2648,5140,20860,101.68,2,105.1767444,,,,,,,,,
2021-1-1,1.879258007,3483.07,6304.12,2023,NaN,2478,5181,19565,102.66,2,106.2285119,,,,,,,,,
2021-2-1,1.883180389,3509.08,6325.4,2436,28875,2300,5383,21650,103.21,2,107.07834,,,,,,,,,
2021-3-1,1.888256529,3441.91,6293.39,2370,26895,2535,5252,21620,103.88,2,108.7915934,,,,,,,,,
2021-4-1,1.893049766,3446.86,6382.14,2351,27335,2435,5430,21910,103.56,2,109.7707177,,,,,,,,,
2021-5-1,1.897295303,3615.48,6814.36,2200,22330,2589,5516,22885,104.21,2,111.5270492,,,,,,,,,
2021-6-1,1.901966702,3591.2,7083.7,2684,19305,2437,5532,21965,104.62,2,111.8616304,,,,,,,,,
2021-7-1,1.906660302,3397.36,7262.38,2573,18790,2521,5627,22395,105.11,2,112.4209385,,,,,,,,,
2021-8-1,1.911195893,3543.94,7728.42,2651,14055,2432,5561,22420,105.33,2,113.2078851,,,,,,,,,
2021-9-1,1.91538195,3568.17,7405.68,3375,11540,2436,5520,22540,105.66,2,114.5663797,,,,,,,,,
2021-10-1,1.919048825,3547.34,7383.72,2801,14565,2446,5569,23655,107.27,2,117.4305392,,,,,,,,,
2021-11-1,1.923686556,3563.89,8047.77,2285,16145,2550,5909,22890,108.66,2,117.4305392,,,,,,,,,
2021-12-1,1.928227689,3639.78,8011,2745,13875,2422,5697,24150,109.77,2,116.0213727,,,,,,,,,
2022-1-1,1.932267634,3361.44,6977.31,3206,13360,2421,5663,25250,109.88,2,115.78933,,,,,,,,,
2022-2-1,1.935846008,3462.31,7417.21,3463,12025,2421,5660,24915,110.07,2,116.3682766,,,,,,,,,
2022-3-1,1.94037391,3252.2,6772.53,4383,13025,2363,5814,26820,112.31,2,117.6483277,,,,,,,,,
2022-4-1,1.944504833,3047.06,5734.28,5109,13905,2816,5783,27785,111.89,2,118.3542177,,,,,,,,,
2022-5-1,1.948428998,3186.43,6351.92,3376,16550,3059,6031,26175,108.97,2,118.4725719,,,,0.343221357,,,,,
2022-6-1,1.952742333,3398.62,6995.57,3349,19060,2874,5838,24120,109.71,2,118.4725719,,,,0.527174524,,,,,
2022-7-1,1.957297608,3253.24,7120.52,3600,21050,3000,5809,24025,111.43,2,116.9324284,,,,0.546488689,,,,,
2022-8-1,1.96164778,3202.14,6748.62,3444,22355,3000,5477,25270,110.19,2,115.5292393,,,,0.563911464,,,,,
2022-9-1,1.965807001,3024.39,6125.63,2930,22825,2940,5464,24420,109.55,2,115.4137101,,,,0.449733243,,,,,
2022-10-1,1.969286273,2893.48,6291.83,2522,24045,2940,5480,23490,108.53,2,115.6445375,,,,0.398573141,,,,,
2022-11-1,1.973840382,3151.34,6584.32,2921,20485,3043,5567,23995,106.21,2,115.760182,,,,0.591489405,,,,,
2022-12-1,1.978555614,3089.26,6281.68,2643,15020,3043,5856,23805,106.62,2,115.1813811,,,,0.36142927,,,,,
2023-1-1,1.982120697,3255.67,6803.63,2734,14520,3122,5866,24340,107.79,2,114.7206556,,,,0.364820451,,,0.133093961,,
2023-2-1,1.986914951,3279.61,6954.78,2775,14740,3122,5915,23125,107.9,2,114.7206556,,,,0.38638141,,,0.149290594,,
2023-3-1,1.991664952,3272.86,6874.13,2639,15140,3122,6424,22805,107.65,2,114.7206556,,,,0.463306239,,,0.214652671,,
2023-4-1,1.996134786,3323.27,6723.37,3092,14490,3122,6963,21305,107.05,2,114.1470523,,,,0.525898683,,,0.276569424,,
2023-5-1,2.000088741,3204.56,6560.53,3232,15270,3122,6982,19300,106.11,2,113.1197288,,,,0.39292964,,,0.154393702,,
2023-6-1,2.004146037,3202.06,6602.49,3622,13630,3122,6803,20090,103.96,2,112.214771,,,,0.617847525,,,0.381735564,,
2023-7-1,2.00854967,3291.04,6516.28,3650,16935,3122,6746,20880,103.07,2,111.9903415,,,,0.650636975,,,0.423328473,,
2023-8-1,2.01289909,3119.88,6104.3,3728,16180,3122,7189,21175,103.81,2,112.2143221,,,,0.486804106,,,0.236978238,,
2023-9-1,2.017125068,3110.48,6081.74,3833,16610,3122,7022,21800,104.47,2,112.6631794,,,,0.430322762,,,0.185177679,,
2023-10-1,2.020710781,3018.77,5971.93,3227,14150,3122,6903,21195,105.4,2,112.6631794,,,,0.409579709,,,0.167755538,,
2023-11-1,2.025204015,3029.67,6079.78,3080,14745,3122,6778,20810,105,2,112.3251899,,,,0.364408917,,,0.132793859,,
2023-12-1,2.029621269,2974.93,5887.12,2935,13570,3122,6409,21550,105.19,2,111.9882143,,,,0.405934839,,,0.164783093,,
2024-1-1,2.033859564,2788.55,4789.21,3011,13915,3122,6478,21295,105.27,1.75,111.7642379,,,,0.371588919,,,0.138078325,,
2024-2-1,2.037053261,3015.17,5342.83,3056,13250,3122,6321,20555,105.417378,1.75,111.5407094,,,,0.466308418,,,0.217443541,,
2024-3-1,2.04098087,3043.83,5440.21,3662,15190,3122,6504,20875,NaN,1.75,111.2283954,,,,0.496982752,,,0.246991856,,
2024-4-1,2.044916052,3063.27,5485.39,3520,15040,3122,6607,21225,NaN,NaN,NaN,,,,0.511710654,0.459091375,0.083918139,0.002768788,0.201614707,0.449015263
