日期,10年国债-日本,股票-日本日经,股指期货-日本,国债政府债期货-日本,能源期货-日本,作物期货-日本,软商品期货-日本,名义有效汇率-日本,央行基准利率-日本,PPI-日本
2000/1/1,1,19539.7,NaN,NaN,NaN,NaN,NaN,102.99,0,96.90927218
2000/2/1,1.001287579,19959.52,NaN,NaN,NaN,NaN,NaN,99.75,0,96.90927218
2000/3/1,1.002717037,20337.32,NaN,NaN,NaN,NaN,NaN,103.04,0,96.80957129
2000/4/1,1.004167016,17973.7,NaN,NaN,NaN,NaN,NaN,104.32,0,96.61016949
2000/5/1,1.005630799,16332.45,NaN,NaN,NaN,NaN,NaN,103.32,0,96.4107677
2000/6/1,1.006867543,17411.05,NaN,NaN,NaN,NaN,NaN,104.57,0,96.4107677
2000/7/1,1.008273076,15727.49,NaN,NaN,NaN,NaN,NaN,103.28,0,96.51046859
2000/8/1,1.009632845,16861.26,NaN,NaN,NaN,NaN,NaN,103.82,0.25,96.51046859
2000/9/1,1.011103982,15747.26,NaN,NaN,NaN,NaN,NaN,106.38,0.25,96.3110668
2000/10/1,1.01260515,14539.6,NaN,NaN,NaN,NaN,NaN,105.79,0.25,95.71286142
2000/11/1,1.014071549,14648.51,NaN,NaN,NaN,NaN,NaN,105.93,0.25,95.51345962
2000/12/1,1.01541504,13785.69,NaN,NaN,NaN,NaN,NaN,102.18,0.25,95.51345962
2001/1/1,1.016789839,13843.55,NaN,NaN,NaN,NaN,NaN,97.49,0.25,95.11465603
2001/2/1,1.017889474,12883.54,NaN,NaN,NaN,NaN,NaN,98.29,0.15,95.11465603
2001/3/1,1.019018992,12999.7,NaN,NaN,NaN,NaN,NaN,95.07,0.15,94.91525424
2001/4/1,1.019974284,13934.32,NaN,NaN,NaN,NaN,NaN,94.27,0,94.61615155
2001/5/1,1.021064118,13262.14,NaN,NaN,NaN,NaN,NaN,95.96,0,94.41674975
2001/6/1,1.022059804,12969.05,NaN,NaN,NaN,NaN,NaN,96.34,0,94.21734796
2001/7/1,1.023064059,11860.77,NaN,NaN,NaN,NaN,NaN,94.6,0,94.11764706
2001/8/1,1.024132889,10713.51,NaN,NaN,NaN,NaN,NaN,95.51,0,93.91824526
2001/9/1,1.025275911,9774.68,NaN,NaN,NaN,NaN,NaN,97.67,0,93.81854437
2001/10/1,1.02639077,10366.34,NaN,NaN,NaN,NaN,NaN,96.15,0,93.12063809
2001/11/1,1.027508272,10697.44,NaN,NaN,NaN,NaN,NaN,95.6,0,93.02093719
2001/12/1,1.028604397,10542.62,NaN,NaN,NaN,NaN,NaN,91.95,0,92.92123629
2002/1/1,1.029651084,9997.8,NaN,NaN,NaN,NaN,NaN,88.52,0,92.6221336
2002/2/1,1.030711234,10587.83,NaN,NaN,NaN,NaN,NaN,88.19,0,92.6221336
2002/3/1,1.031838653,11024.94,NaN,NaN,NaN,NaN,NaN,89.65,0,92.6221336
2002/4/1,1.033020477,11492.54,NaN,NaN,NaN,NaN,NaN,89.42,0,92.4227318
2002/5/1,1.034074122,11763.7,NaN,NaN,NaN,NaN,NaN,91.31,0,92.4227318
2002/6/1,1.035159263,10621.84,NaN,NaN,NaN,NaN,NaN,92.43,0,92.32303091
2002/7/1,1.03632248,9877.94,NaN,NaN,NaN,NaN,NaN,95.51,0,92.22333001
2002/8/1,1.037446439,9619.3,NaN,NaN,NaN,NaN,NaN,95.51,0,92.12362911
2002/9/1,1.038527702,9383.29,NaN,NaN,NaN,NaN,NaN,94.32,0,91.92422732
2002/10/1,1.039343849,8640.48,NaN,NaN,NaN,NaN,NaN,92.27,0,91.62512463
2002/11/1,1.040248869,9215.56,NaN,NaN,NaN,NaN,NaN,93.32,0,91.72482552
2002/12/1,1.041063318,8578.95,NaN,NaN,NaN,NaN,NaN,92.52,0,91.52542373
2003/1/1,1.041823058,8339.94,NaN,NaN,NaN,NaN,NaN,93.91,0,91.52542373
2003/2/1,1.042448467,8363.04,NaN,NaN,NaN,NaN,NaN,93.28,0,91.72482552
2003/3/1,1.043072949,7972.71,NaN,NaN,NaN,NaN,NaN,94.06,0,91.72482552
2003/4/1,1.0436776,7831.42,NaN,NaN,NaN,NaN,NaN,92.74,0,91.52542373
2003/5/1,1.044227745,8424.51,NaN,NaN,NaN,NaN,NaN,92.84,0,91.22632104
2003/6/1,1.044708604,9083.11,NaN,NaN,NaN,NaN,NaN,91.67,0,91.02691924
2003/7/1,1.045189543,9563.21,NaN,NaN,NaN,NaN,NaN,91.91,0,91.32602193
2003/8/1,1.046015243,10343.55,NaN,NaN,NaN,NaN,NaN,92.39,0,91.32602193
2003/9/1,1.047015349,10219.05,NaN,NaN,NaN,NaN,NaN,95.01,0,91.32602193
2003/10/1,1.048075162,10559.59,NaN,NaN,NaN,NaN,NaN,98.49,0,91.12662014
2003/11/1,1.049251018,10100.57,NaN,NaN,NaN,NaN,NaN,98.83,0,91.22632104
2003/12/1,1.050347005,10676.64,NaN,NaN,NaN,NaN,NaN,99,0,91.32602193
2004/1/1,1.051421479,10783.61,NaN,NaN,NaN,NaN,NaN,99.4,0,91.52542373
2004/2/1,1.052385968,11041.92,NaN,NaN,NaN,NaN,NaN,98.95,0,91.72482552
2004/3/1,1.053431952,11715.39,NaN,NaN,NaN,NaN,NaN,97.92,0,91.92422732
2004/4/1,1.054611681,11761.79,NaN,NaN,NaN,NaN,NaN,99.06,0,92.22333001
2004/5/1,1.055873061,11236.37,NaN,NaN,NaN,NaN,NaN,95.9,0,92.22333001
2004/6/1,1.056903991,11858.87,NaN,NaN,NaN,NaN,NaN,97.85,0,92.5224327
2004/7/1,1.058452876,11325.78,NaN,NaN,NaN,NaN,NaN,97.58,0,93.02093719
2004/8/1,1.059960289,11081.79,NaN,NaN,NaN,NaN,NaN,96.86,0,93.02093719
2004/9/1,1.061426246,10823.57,NaN,NaN,NaN,NaN,NaN,97.02,0,93.12063809
2004/10/1,1.062634704,10771.42,NaN,NaN,NaN,NaN,NaN,97.35,0,93.12063809
2004/11/1,1.063784583,10899.25,NaN,NaN,NaN,NaN,NaN,99.35,0,93.22033898
2004/12/1,1.064976424,11488.76,NaN,NaN,NaN,NaN,NaN,99.07,0,93.12063809
2005/1/1,1.066105994,11387.59,NaN,139.6,NaN,NaN,NaN,99.79,0,93.12063809
2005/2/1,1.067205267,11740.6,11770,138.19,NaN,NaN,NaN,98.17,0,93.22033898
2005/3/1,1.068271947,11668.95,11640,139.41,NaN,NaN,NaN,97.45,0,93.41974078
2005/4/1,1.069493841,11008.9,10970,140.51,NaN,NaN,NaN,96.2,0,93.91824526
2005/5/1,1.070558352,11276.59,11260,140.7,NaN,NaN,NaN,97.13,0,93.81854437
2005/6/1,1.071499939,11584.01,11560,141.2,NaN,NaN,NaN,96.4,0,93.71884347
2005/7/1,1.072599688,11899.6,11910,139.93,NaN,NaN,NaN,94.11,0,94.21734796
2005/8/1,1.073664924,12413.6,12430,139.62,NaN,NaN,NaN,94.2,0,94.41674975
2005/9/1,1.074929087,13574.3,13560,137.65,NaN,NaN,NaN,94.02,0,94.51645065
2005/10/1,1.076038218,13606.5,13620,137.1,NaN,NaN,NaN,91.51,0,94.71585244
2005/11/1,1.077230164,14872.15,14880,138.4,NaN,NaN,NaN,89.14,0,94.71585244
2005/12/1,1.078469428,16111.43,16050,137.35,NaN,NaN,NaN,88.57,0,94.91525424
2006/1/1,1.07971635,16649.82,16660,136.79,NaN,NaN,NaN,89.7,0,95.01495513
2006/2/1,1.080804164,16205.43,16210,135.99,NaN,NaN,NaN,87.91,0,95.31405783
2006/3/1,1.082145734,17059.66,17020,133.46,NaN,NaN,NaN,88.33,0,95.31405783
2006/4/1,1.083592358,16906.23,16980,132.6,NaN,NaN,NaN,87.72,0,95.61316052
2006/5/1,1.085146534,15467.33,15470,133.66,NaN,NaN,NaN,90.78,0,96.111665
2006/6/1,1.086648321,15505.18,15510,131.65,NaN,NaN,NaN,89.23,0,96.111665
2006/7/1,1.088333079,15456.81,15410,132,NaN,NaN,NaN,88.26,0.25,96.61016949
2006/8/1,1.089983588,16140.76,16160,134.98,NaN,NaN,NaN,87.68,0.25,96.90927218
2006/9/1,1.091636098,16127.58,16100,134.8,NaN,NaN,NaN,86.88,0.25,97.10867398
2006/10/1,1.093018341,16399.39,16350,134.48,NaN,NaN,NaN,85.83,0.25,96.61016949
2006/11/1,1.094478788,16274.33,16310,135.09,NaN,NaN,NaN,85.92,0.25,96.51046859
2006/12/1,1.095896511,17225.83,17270,134.05,NaN,NaN,NaN,85.08,0.25,96.51046859
2007/1/1,1.09726249,17383.42,17390,134.51,NaN,NaN,NaN,83.08,0.25,96.51046859
2007/2/1,1.098610211,17604.12,17540,135.02,NaN,NaN,NaN,82.71,0.5,96.51046859
2007/3/1,1.099962833,17287.65,17310,134.15,NaN,NaN,NaN,84.76,0.5,96.51046859
2007/4/1,1.10137941,17400.41,17410,134.36,NaN,NaN,NaN,82.79,0.5,97.40777667
2007/5/1,1.10271595,17875.75,17860,133.17,NaN,NaN,NaN,81.2,0.5,97.60717846
2007/6/1,1.104126867,18138.36,18160,132.01,NaN,NaN,NaN,79.92,0.5,97.70687936
2007/7/1,1.105857367,17248.89,17280,133.15,NaN,NaN,NaN,79.66,0.5,98.30508475
2007/8/1,1.107515232,16569.09,16600,135.35,NaN,NaN,NaN,83.63,0.5,98.40478564
2007/9/1,1.109058209,16785.69,16830,134.94,NaN,NaN,NaN,84.24,0.5,98.30508475
2007/10/1,1.110275274,16737.63,16710,135.99,NaN,NaN,NaN,82.37,0.5,98.60418744
2007/11/1,1.111744619,15680.67,15730,137.03,NaN,NaN,NaN,85.2,0.5,98.80358923
2007/12/1,1.113098295,15307.78,15250,136.81,NaN,NaN,NaN,84.34,0.5,99.10269192
2008/1/1,1.114321353,13592.47,13550,137.75,NaN,NaN,NaN,87.22,0.5,99.40179462
2008/2/1,1.115465939,13603.02,13560,138.47,NaN,NaN,NaN,87.34,0.5,99.9002991
2008/3/1,1.116640815,12525.54,12490,140.52,NaN,NaN,NaN,91.51,0.5,100.3988036
2008/4/1,1.11780066,13849.99,13820,136.15,NaN,NaN,NaN,89.47,0.5,101.2961117
2008/5/1,1.119053697,14338.54,14340,134.45,NaN,NaN,NaN,88.53,0.5,102.4925224
2008/6/1,1.120413226,13481.38,13470,135.45,NaN,NaN,NaN,86.27,0.5,103.3898305
2008/7/1,1.122050096,13376.81,13360,136.41,NaN,NaN,NaN,85.69,0.5,105.6829511
2008/8/1,1.12349193,13072.87,13060,138.37,NaN,NaN,NaN,85.36,0.5,105.782652
2008/9/1,1.124867673,11259.86,11320,137.54,NaN,NaN,NaN,89.46,0.5,105.0847458
2008/10/1,1.126028435,8576.98,8450,137.98,NaN,NaN,NaN,99.46,0.3,103.0907278
2008/11/1,1.127379914,8512.27,8520,139.38,NaN,NaN,NaN,105.33,0.3,101.1964108
2008/12/1,1.128628816,8859.56,8830,140.12,NaN,NaN,NaN,110.94,0.1,99.9002991
2009/1/1,1.129762066,7994.05,7940,138.91,NaN,NaN,NaN,112.19,0.1,98.40478564
2009/2/1,1.130740824,7568.42,7560,139.5,NaN,NaN,NaN,111.66,0.1,97.90628116
2009/3/1,1.131855187,8109.53,8120,138.15,NaN,NaN,NaN,105.46,0.1,97.70687936
2009/4/1,1.133025714,8828.26,8860,136.99,NaN,NaN,NaN,102.63,0.1,97.10867398
2009/5/1,1.134315561,9522.5,9510,136.41,NaN,NaN,NaN,102.62,0.1,96.70987039
2009/6/1,1.135437073,9958.44,9930,138.1,NaN,NaN,NaN,101.77,0.1,96.4107677
2009/7/1,1.136826349,10356.83,10370,138.12,NaN,NaN,NaN,103.92,0.1,96.80957129
2009/8/1,1.138053133,10492.53,10450,139.13,NaN,NaN,NaN,102.8,0.1,96.70987039
2009/9/1,1.139371287,10133.23,10110,139.34,NaN,NaN,NaN,105.79,0.1,96.80957129
2009/10/1,1.140403409,10034.74,10010,137.99,NaN,NaN,NaN,105.85,0.1,96.111665
2009/11/1,1.141561042,9345.55,9330,139.74,NaN,NaN,NaN,106.94,0.1,96.111665
2009/12/1,1.142737484,10546.44,10540,139.7,NaN,NaN,NaN,106.66,0.1,96.2113659
2010/1/1,1.14383534,10198.04,10160,139.51,NaN,NaN,NaN,104.9,0.1,96.80957129
2010/2/1,1.145044803,10126.03,10100,139.87,NaN,NaN,NaN,107.49,0.1,96.80957129
2010/3/1,1.146156755,11089.94,11100,138.22,NaN,NaN,NaN,106.47,0.1,96.80957129
2010/4/1,1.147385053,11057.4,11050,139.68,NaN,NaN,NaN,102.83,0.1,97.10867398
2010/5/1,1.148624446,9768.7,9760,140.41,NaN,NaN,NaN,106.64,0.1,97.10867398
2010/6/1,1.149685009,9382.64,9360,141.66,NaN,NaN,NaN,109.05,0.1,96.80957129
2010/7/1,1.150744595,9537.3,9530,141.84,NaN,NaN,NaN,111.76,0.1,96.80957129
2010/8/1,1.151757469,8824.06,8800,142.99,NaN,NaN,NaN,113.78,0.1,96.70987039
2010/9/1,1.152719186,9369.35,9360,143.42,NaN,NaN,NaN,114,0.1,96.70987039
2010/10/1,1.15353535,9202.45,9190,143.2,NaN,NaN,NaN,114.94,0.05,96.61016949
2010/11/1,1.154321065,9937.04,9950,140.87,NaN,NaN,NaN,114.24,0.05,96.51046859
2010/12/1,1.155242248,10228.92,10210,140.61,NaN,NaN,NaN,113.85,0.05,97.00897308
2011/1/1,1.156288705,10237.92,10230,140.02,NaN,NaN,NaN,113.87,0.05,97.40777667
2011/2/1,1.157298749,10624.09,10630,139.54,NaN,NaN,NaN,113.23,0.05,97.50747757
2011/3/1,1.158424406,9755.1,9760,139.55,NaN,NaN,NaN,113.71,0.05,98.00598205
2011/4/1,1.159577332,9849.74,9870,140.05,NaN,NaN,NaN,109.9,0.05,98.80358923
2011/5/1,1.160695885,9693.73,9690,140.63,NaN,NaN,NaN,112.78,0.05,98.60418744
2011/6/1,1.161660186,9816.09,9820,141.04,NaN,NaN,NaN,113.67,0.05,98.60418744
2011/7/1,1.162754302,9833.03,9830,141.83,NaN,NaN,NaN,114.78,0.05,98.90329013
2011/8/1,1.163790446,8955.2,8960,142.41,NaN,NaN,NaN,118.27,0.05,98.80358923
2011/9/1,1.164804588,8700.29,8700,142.23,NaN,NaN,NaN,120.96,0.05,98.60418744
2011/10/1,1.165693193,8988.39,8960,142.06,NaN,NaN,NaN,122.01,0.05,97.80658026
2011/11/1,1.166550399,8434.61,8420,141.77,NaN,NaN,NaN,120.97,0.05,97.70687936
2011/12/1,1.167437596,8455.35,8450,142.41,NaN,NaN,NaN,121.26,0.05,97.70687936
2012/1/1,1.168333097,8802.51,8810,142.59,NaN,NaN,NaN,122.48,0.05,97.60717846
2012/2/1,1.169090364,9723.24,9710,142.73,NaN,NaN,NaN,118.53,0.05,97.80658026
2012/3/1,1.170046976,10083.56,10090,142.01,NaN,NaN,NaN,113.03,0.05,98.30508475
2012/4/1,1.170938332,9520.89,9500,143.12,NaN,NaN,NaN,114.86,0.05,98.10568295
2012/5/1,1.171753492,8542.73,8530,143.61,NaN,NaN,NaN,118.64,0.05,97.70687936
2012/6/1,1.172532835,9006.78,9010,143.69,NaN,NaN,NaN,120.64,0.05,97.20837488
2012/7/1,1.173355097,8695.06,8680,144.01,NaN,NaN,NaN,120.97,0.05,96.80957129
2012/8/1,1.174081422,8839.91,8820,144,NaN,NaN,NaN,120.83,0.05,96.90927218
2012/9/1,1.174878904,8870.16,8880,144.19,NaN,NaN,NaN,120.28,0.05,97.20837488
2012/10/1,1.175585882,8928.29,8920,144.25,NaN,NaN,NaN,118.32,0.05,96.80957129
2012/11/1,1.176312999,9446.01,9450,144.86,NaN,NaN,NaN,115.35,0.05,96.70987039
2012/12/1,1.177019901,10395.18,10390,143.65,NaN,NaN,NaN,111.1,0.05,97.10867398
2013/1/1,1.177674315,11138.66,11110,144.3,NaN,NaN,NaN,103.91,0.05,97.30807577
2013/2/1,1.178278568,11559.36,11500,145.02,NaN,NaN,NaN,99.65,0.05,97.70687936
2013/3/1,1.178918632,12397.91,12400,145.46,NaN,NaN,NaN,98.44,0.05,97.80658026
2013/4/1,1.179484373,13860.86,13880,144.53,NaN,NaN,NaN,95.09,0.05,98.20538385
2013/5/1,1.179959744,13774.54,13700,142.32,305.05,NaN,135.55,92.24,0,98.30508475
2013/6/1,1.180666309,13677.32,13625,142.7,302.41,NaN,123.7,96.27,0,98.30508475
2013/7/1,1.181422338,13668.32,13550,143.62,308.11,NaN,125.52,94.38,0,98.80358923
2013/8/1,1.182200579,13388.86,13280,144.35,324.56,NaN,139.42,96.08,0,99.10269192
2013/9/1,1.18295056,14455.8,14525,144.12,310.39,NaN,135.63,94.58,0,99.40179462
2013/10/1,1.183538006,14327.94,14350,145.07,318.44,NaN,132.44,95.01,0,99.20239282
2013/11/1,1.184113296,15661.87,15690,145.1,337.72,NaN,136.49,93.35,0,99.20239282
2013/12/1,1.184693464,16291.31,16255,143.32,354.41,NaN,138.07,90.2,0,99.50149551
2014/1/1,1.185293933,14914.53,14745,144.74,331.37,99.71,113.94,90.17,0,99.70089731
2014/2/1,1.185837751,14841.07,14795,145.17,330.34,100.6,113.84,92.04,0,99.50149551
2014/3/1,1.186379943,14827.83,14730,144.62,335.11,104.16,118.24,91.82,0,99.50149551
2014/4/1,1.186958821,14304.11,14230,144.92,334.02,107.06,104.33,91.57,0,102.3928215
2014/5/1,1.187540566,14632.38,14650,145.5,335.69,99.42,99.71,92.15,0,102.6919242
2014/6/1,1.188060889,15162.1,15140,145.65,347.08,98.77,104.78,92.04,0,102.7916251
2014/7/1,1.188642332,15620.77,15550,145.92,345.85,91.07,104.63,92.11,0,103.1904287
2014/8/1,1.189159047,15424.59,15325,146.23,342.68,91.93,96.87,91.26,0,103.0907278
2014/9/1,1.189676095,16173.52,16120,145.84,342.12,86.43,89.36,88.35,0,102.9910269
2014/10/1,1.190136836,16413.76,16450,146.53,308.86,92.14,98.59,88.49,0,101.9940179
2014/11/1,1.190583881,17459.85,17425,146.91,278.03,93.77,97.41,82.92,0,101.7946162
2014/12/1,1.191008919,17450.77,17380,147.79,236.01,99.19,103,81.88,0,101.2961117
2015/1/1,1.191352284,17674.39,17560,148.13,201.36,92.11,94.99,83.65,0,100
2015/2/1,1.191582612,18797.94,18715,147.9,237.02,94.74,108.21,84.06,0,100
2015/3/1,1.191907499,19206.99,19265,147.22,220.72,92.39,100.51,83.76,0,100.1994018
2015/4/1,1.192279383,19520.01,19525,147.89,243.98,84.95,106.09,83.74,0,100.1994018
2015/5/1,1.192594117,20563.15,20555,147.63,242.56,86.14,114.87,82.43,0,100.3988036
2015/6/1,1.192950192,20235.73,20290,146.97,238.22,91.85,102.12,80.86,0,100.2991027
2015/7/1,1.193410291,20585.24,20435,147.55,212.14,90.02,94.63,81.85,0,99.9002991
2015/8/1,1.193827033,18890.48,18755,147.96,196.45,87.01,80.79,83.37,0,99.20239282
2015/9/1,1.194218296,17388.15,17320,148.16,185.83,89.15,75.88,86.05,0,98.80358923
2015/10/1,1.194510447,19083.1,19050,148.56,186.1,83.12,73.04,85.53,0,98.10568295
2015/11/1,1.194799856,19747.47,19745,148.53,171.58,80.38,73.41,84.69,0,98.10568295
2015/12/1,1.195087461,19033.71,18870,149.04,143.06,78.03,71.47,85.86,0,97.70687936
2016/1/1,1.195353585,17518.3,17565,150.42,134.56,77.61,70.64,89.58,-0.1,96.61016949
2016/2/1,1.195564714,16026.76,15840,152.16,122.4,71.58,69.49,91.69,-0.1,96.3110668
2016/3/1,1.195586286,16758.67,16775,151.3,130.77,72.87,78.31,92.13,-0.1,96.2113659
2016/4/1,1.195526074,16666.05,16130,151.49,143.81,72.7,85.86,93.92,-0.1,95.81256231
2016/5/1,1.195438449,17234.98,17190,152.03,156.17,79.26,72.33,95.29,-0.1,95.81256231
2016/6/1,1.195348791,15575.92,15550,152.92,147.47,72.6,68.38,98.74,-0.1,95.81256231
2016/7/1,1.19519318,16569.27,16460,152.6,127.62,69.27,67.24,100.49,-0.1,95.71286142
2016/8/1,1.194947643,16887.4,16770,151.41,139.83,65.61,66.64,102.63,-0.1,95.41375872
2016/9/1,1.194870188,16449.84,16370,152.34,139.24,63.74,71.09,102.27,-0.1,95.51345962
2016/10/1,1.19482906,17425.02,17405,151.71,147.19,66.67,79.6,101.22,-0.1,95.41375872
2016/11/1,1.194777891,18308.48,18345,150.56,149.27,67.47,97.73,98.52,-0.1,95.81256231
2016/12/1,1.194771057,19114.37,19070,150.24,180.46,72.3,111.94,92.95,-0.1,96.51046859
2017/1/1,1.194819237,19041.34,18860,149.88,170.13,73.99,141.78,93.46,-0.1,97.10867398
2017/2/1,1.194870926,19118.99,18990,150.58,172.33,74.56,114.84,94.47,-0.1,97.30807577
2017/3/1,1.194956511,18909.26,18900,150.28,163.25,71.63,107.3,94.33,-0.1,97.60717846
2017/4/1,1.195021931,19196.74,19160,151.02,161.43,72.66,96.74,96.43,-0.1,97.80658026
2017/5/1,1.195049957,19650.57,19640,150.67,160.41,73.38,92.13,94.05,-0.1,97.80658026
2017/6/1,1.195086057,20033.43,20000,150.11,151.9,72.06,89.92,94.4,-0.1,97.90628116
2017/7/1,1.19513875,19925.18,19810,150.16,160.26,70.77,91.72,92.48,-0.1,98.10568295
2017/8/1,1.195213778,19646.24,19565,151.12,155.04,68.78,96.68,93.73,-0.1,98.10568295
2017/9/1,1.195256606,20356.28,20355,150.35,172.69,70.44,88.38,92.2,-0.1,98.40478564
2017/10/1,1.195275576,22011.61,21930,150.47,183.08,71.8,85.12,91.18,-0.1,98.80358923
2017/11/1,1.195337695,22724.96,22740,150.93,188.07,70.69,86.51,91.17,-0.1,99.20239282
2017/12/1,1.195374415,22764.94,22755,150.78,199.22,72.21,90.59,90.54,-0.1,99.40179462
2018/1/1,1.19541543,23098.29,22940,150.32,196.44,73.69,83.91,90.36,-0.1,99.70089731
2018/2/1,1.195481087,22068.24,21915,150.93,188.68,75.1,84.6,92.2,-0.1,99.70089731
2018/3/1,1.195539322,21454.3,21450,150.77,196.07,80.03,80.66,93.89,-0.1,99.60119641
2018/4/1,1.195576682,22467.87,22480,150.64,211.73,83.65,81.71,92.68,-0.1,100
2018/5/1,1.195612463,22201.82,22160,150.97,224.92,82.3,82.75,92.51,-0.1,100.4985045
2018/6/1,1.195656952,22304.51,22240,150.84,231.42,78.66,76.24,93.23,-0.1,100.7976072
2018/7/1,1.195703877,22553.72,22355,150.69,232.28,80.19,74.1,93.6,-0.1,101.1964108
2018/8/1,1.195753154,22865.15,22675,150.38,234.66,76.78,74.59,94.99,-0.1,101.1964108
2018/9/1,1.195859212,24120.04,24145,150.09,252.41,78.64,70.4,94.26,-0.1,101.3958126
2018/10/1,1.195961132,21920.46,21845,150.63,240.59,79.82,68.08,94.15,-0.1,101.7946162
2018/11/1,1.196095028,22351.06,22290,151.17,193.27,77.15,66.16,93.93,-0.1,101.3958126
2018/12/1,1.196203537,20014.77,19935,152.48,170.63,72.91,70.37,94.61,-0.1,100.7976072
2019/1/1,1.196245838,20773.49,20575,152.69,193,74.38,73.34,96.56,-0.1,100.1994018
2019/2/1,1.196251728,21385.16,21215,152.74,210.6,77.35,82.43,95.02,-0.1,100.5982054
2019/3/1,1.19623605,21205.81,21210,153.28,212.83,76.21,73.71,94.41,-0.1,100.8973081
2019/4/1,1.196203676,22258.73,22275,152.73,230.75,72.62,77.1,94.21,-0.1,101.2961117
2019/5/1,1.19616922,20601.19,20510,153.2,197.98,80.78,80.08,96.86,-0.1,101.0967099
2019/6/1,1.196124364,21275.92,21220,153.85,201.44,79.27,81.32,98.35,-0.1,100.5982054
2019/7/1,1.195998671,21521.53,21355,153.8,201.39,75.99,74.38,98,-0.1,100.4985045
2019/8/1,1.195861001,20704.37,20515,155.2,185.67,71.17,69.03,101.57,-0.1,100.2991027
2019/9/1,1.19564475,21755.84,21740,155.02,190.45,74.2,67.95,100.63,-0.1,100.2991027
2019/10/1,1.19545159,22927.04,22900,153.95,194.04,75.46,72.16,99.6,-0.1,101.3958126
2019/11/1,1.195308135,23293.91,23255,153.16,207.24,73.33,75.94,98.33,-0.1,101.4955135
2019/12/1,1.195227262,23656.62,23375,152.18,221.77,77.54,80.1,97.86,-0.1,101.6949153
2020/1/1,1.195217619,23205.18,22940,152.86,199.79,73.97,72.01,97.11,-0.1,101.7946162
2020/2/1,1.195204195,21142.96,20760,154.07,178.28,71.63,68.55,97.61,-0.1,101.3958126
2020/3/1,1.195153847,18917.01,18800,152.57,128.5,71.42,57.07,101.35,-0.1,100.4985045
2020/4/1,1.195135965,20193.69,20030,152.79,104.7,65.24,58.39,102.21,-0.1,98.90329013
2020/5/1,1.195134795,21877.89,21770,152.2,125.38,69.41,58.51,102.48,-0.1,98.40478564
2020/6/1,1.195136833,22288.14,22260,151.95,137.12,68.25,58.31,100.58,-0.1,99.00299103
2020/7/1,1.195161038,21710,21630,152.37,140.18,67.38,61.5,100.65,-0.1,99.50149551
2020/8/1,1.195184119,23139.76,23025,151.59,147.08,70.87,72.88,100.22,-0.1,99.60119641
2020/9/1,1.195220449,23185.12,23205,152.11,132.73,70.52,69.01,100.1,-0.1,99.50149551
2020/10/1,1.195248943,22977.13,22815,151.88,120.64,70.81,93.9,99.83,-0.1,99.20239282
2020/11/1,1.195277309,26433.62,26465,152.03,143.69,73.19,93.05,99.27,-0.1,99.10269192
2020/12/1,1.195303728,27444.17,27490,151.92,152.85,74.24,85.17,98.6,-0.1,99.50149551
2021/1/1,1.195326508,27663.39,27395,151.82,163.49,79.55,89.29,98.12,-0.1,100
2021/2/1,1.195361521,28966.01,29020,150.62,191.43,83.24,103.45,96.69,-0.1,100.4985045
2021/3/1,1.195435643,29178.8,29220,151.16,198.46,84.47,89.85,94.71,-0.1,101.4955135
2021/4/1,1.195546091,28812.63,28845,151.34,203.49,96.12,90.95,94.35,-0.1,102.6919242
2021/5/1,1.195631598,28860.08,28900,151.46,210.82,96.7,91.75,93.37,-0.1,103.2901296
2021/6/1,1.195700121,28791.53,28740,151.69,228.39,97.19,84.23,92.68,-0.1,103.9880359
2021/7/1,1.195767651,27283.59,27140,152.3,229.58,96.98,81.19,93.67,-0.1,105.0847458
2021/8/1,1.195790479,28089.54,27985,152.16,228.36,98.83,75.96,94.23,-0.1,105.2841476
2021/9/1,1.195811405,29452.66,29670,151.37,247.79,101.42,76.88,93.84,-0.1,105.6829511
2021/10/1,1.195856373,28892.69,28775,151.32,269.8,117.99,83.16,91.64,-0.1,107.3778664
2021/11/1,1.195938905,27821.76,27470,151.94,235.97,112.55,84.44,91.15,-0.1,108.0757727
2021/12/1,1.196009665,28791.71,28760,151.59,265.27,116.77,82.04,91.54,-0.1,108.0757727
2022/1/1,1.196072325,27001.98,26805,150.72,293.69,122.56,83.35,90.6,-0.1,109.1724826
2022/2/1,1.196187642,26526.82,26305,150.5,314.85,128.35,88.94,90.26,-0.1,110.0697906
2022/3/1,1.196373899,27821.43,27795,149.7,353.38,149.24,87.49,88.65,-0.1,111.1665005
2022/4/1,1.19657052,26847.9,27330,149.62,362.46,171.63,83.94,83.83,-0.1,113.1605184
2022/5/1,1.196776842,27279.8,27235,149.65,397.51,158.08,83.95,84.09,-0.1,113.1605184
2022/6/1,1.196977389,26393.04,26300,148.61,402.53,154.44,85.95,80.98,-0.1,114.1575274
2022/7/1,1.197229298,27801.64,27545,150.51,376.15,136.24,79.55,80.62,-0.1,115.0548355
2022/8/1,1.197449075,28091.53,27855,149.53,384.03,147.05,76.37,81.81,-0.1,115.55334
2022/9/1,1.197646481,25937.21,25980,148.3,362.31,149.15,77.49,79.27,-0.1,116.6500499
2022/10/1,1.197890773,27587.46,27500,148.77,385.17,150.37,70.34,78.25,-0.1,117.8464606
2022/11/1,1.198113989,27968.99,27980,148.72,352.37,138.05,73.46,79.67,-0.1,118.8434696
2022/12/1,1.198354792,26094.5,25995,145.46,337.54,137.84,74.27,82.18,-0.1,119.5413759
2023/1/1,1.198695845,27327.11,27045,146.56,336.13,133.8,78.62,83.39,-0.1,119.5413759
2023/2/1,1.199074683,27445.56,27220,146.65,344.98,134.2,75.27,82.37,-0.1,119.2422732
2023/3/1,1.199568352,28041.48,28045,148.12,332.72,131.02,69.98,82.51,-0.1,119.3419741
2023/4/1,1.19995317,28856.44,28820,148.6,341.9,127.12,69.89,82.13,-0.1,119.7407777
2023/5/1,1.200397391,30887.88,30835,148.6,335.48,122.56,68.89,80.54,-0.1,118.9431705
2023/6/1,1.200746756,33189.04,33175,148.55,362.53,134.15,67.56,78.83,-0.1,118.8434696
2023/7/1,1.201152052,33172.22,33015,146.8,394.55,125.32,66.08,78.71,-0.1,119.1425723
2023/8/1,1.201594858,32619.34,32385,146.82,424.91,125.42,70.72,77.57,-0.1,119.441675
2023/9/1,1.202206974,31857.62,32005,144.96,447.74,121.77,75.93,76.8,-0.1,119.2422732
2023/10/1,1.202887414,30858.85,30875,143.75,435.83,124.32,81.69,76.35,-0.1,119.1425723
2023/11/1,1.203607601,33486.89,33475,146.46,424.06,124.08,83.82,75.16,-0.1,119.441675
2023/12/1,1.204347865,33464.17,33415,146.23,390.9,113.47,81.09,77.46,-0.1,119.7407777
2024/1/1,1.205005193,36286.71,36330,145.59,425.18,116.81,90.48,76.55,-0.1,119.7407777
2024/2/1,1.205574923,39166.19,39255,145.66,428.84,116.84,94.52,76.465795,-0.1,119.9401795
2024/3/1,1.206173998,40369.44,40520,145.55,427.7,115.69,108.22,NaN,-0.1,120.1440778
2024/4/1,1.206773371,39531.5,39520,145.26,449.24,120.552,112.98,NaN,NaN,NaN
