日期,10年国债-英国,股票-英国富时,股指期货-英国,国债政府债期货-英国,能源期货-英国,作物期货-英国,软商品期货-英国,金属期货-英国,原油期货-英国Brent,名义有效汇率-英国,央行基准利率-英国,PPI-英国
2000/1/1,1,6268.5,NaN,NaN,NaN,NaN,NaN,NaN,25.2215,130.21,5.6625,73.3
2000/2/1,1.004695556,6232.6,NaN,NaN,NaN,NaN,NaN,NaN,27.0281,129.76,5.916666667,73.4
2000/3/1,1.009192162,6540.2,NaN,NaN,NaN,NaN,NaN,NaN,27.2726,129.31,6,73.6
2000/4/1,1.013219843,6327.4,NaN,NaN,NaN,NaN,NaN,NaN,23.1361,131.07,6,73.6
2000/5/1,1.017385399,6359.3,NaN,NaN,NaN,NaN,NaN,NaN,27.4795,128.52,6,73.6
2000/6/1,1.021802293,6312.7,NaN,NaN,NaN,NaN,NaN,NaN,29.7609,125.13,6,74.1
2000/7/1,1.026263174,6365.3,NaN,NaN,NaN,NaN,NaN,NaN,28.6662,126.05,6,74.2
2000/8/1,1.030624313,6672.7,NaN,NaN,NaN,NaN,NaN,NaN,30.2255,127.32,6,73.9
2000/9/1,1.035251239,6294.2,NaN,NaN,NaN,NaN,NaN,NaN,32.3305,125.4,6,74.2
2000/10/1,1.039752798,6438.4,NaN,NaN,NaN,NaN,NaN,NaN,31.3859,128.81,6,74.4
2000/11/1,1.044170274,6142.2,NaN,NaN,NaN,NaN,NaN,NaN,32.3823,126.82,6,74.4
2000/12/1,1.048037222,6222.5,NaN,NaN,NaN,NaN,NaN,NaN,25.97,126.86,6,74.1
2001/1/1,1.052270495,6297.5,NaN,NaN,NaN,NaN,NaN,NaN,25.8391,125.39,6,73.5
2001/2/1,1.056501332,5917.9,NaN,NaN,NaN,NaN,NaN,NaN,27.6345,124.77,5.8125,73.2
2001/3/1,1.060641901,5633.7,NaN,NaN,NaN,NaN,NaN,NaN,25.4486,125.96,5.75,73.4
2001/4/1,1.064597792,5966.9,NaN,NaN,NaN,NaN,NaN,NaN,26.3958,127.09,5.539473684,73.7
2001/5/1,1.068741326,5796.1,NaN,NaN,NaN,NaN,NaN,NaN,28.5824,127.44,5.321428571,74
2001/6/1,1.073368154,5642.5,NaN,NaN,NaN,NaN,NaN,NaN,27.8648,127.23,5.25,74.1
2001/7/1,1.078022721,5529.1,NaN,NaN,NaN,NaN,NaN,NaN,25.2177,128.2,5.25,73.9
2001/8/1,1.082306651,5345,NaN,NaN,NaN,NaN,NaN,NaN,25.7582,126.57,5.011363636,73.7
2001/9/1,1.086805051,4903.4,NaN,NaN,NaN,NaN,NaN,NaN,26.1305,128.19,4.8875,73.6
2001/10/1,1.091175208,5039.7,NaN,NaN,NaN,NaN,NaN,NaN,21.4735,128.03,4.532608696,73.4
2001/11/1,1.095382718,5203.6,NaN,NaN,NaN,NaN,NaN,NaN,19.2073,128.02,4.113636364,72.7
2001/12/1,1.099423602,5217.4,NaN,NaN,NaN,NaN,NaN,NaN,19.0621,128.23,4,72.4
2002/1/1,1.103928628,5164.8,NaN,NaN,NaN,NaN,NaN,NaN,19.9318,128.65,4,72.6
2002/2/1,1.108047502,5101,NaN,NaN,NaN,NaN,NaN,NaN,20.3175,129.05,4,72.6
2002/3/1,1.1126382,5271.8,NaN,NaN,NaN,NaN,NaN,NaN,24.164,128.28,4,72.8
2002/4/1,1.116883846,5165.6,NaN,NaN,NaN,NaN,NaN,NaN,25.9938,129.02,4,73.3
2002/5/1,1.121574604,5085.1,NaN,NaN,NaN,NaN,NaN,NaN,25.6736,127.52,4,73.4
2002/6/1,1.125863763,4656.4,NaN,NaN,NaN,NaN,NaN,NaN,24.6139,126.32,4,73.3
2002/7/1,1.130557399,4246.2,NaN,NaN,NaN,NaN,NaN,NaN,25.6809,129.18,4,73.3
2002/8/1,1.134825467,4227.3,NaN,NaN,NaN,NaN,NaN,NaN,26.3548,129.22,4,73.3
2002/9/1,1.138711488,3721.8,NaN,NaN,NaN,NaN,NaN,NaN,28.2905,130.73,4,73.5
2002/10/1,1.143091744,4039.7,NaN,NaN,NaN,NaN,NaN,NaN,27.3583,131.23,4,73.6
2002/11/1,1.147509608,4169.4,NaN,NaN,NaN,NaN,NaN,NaN,24.2643,130.31,4,73.5
2002/12/1,1.151477587,3940.4,NaN,NaN,NaN,NaN,NaN,NaN,27.479,130.05,4,73.6
2003/1/1,1.155689958,3567.4,NaN,NaN,NaN,NaN,NaN,NaN,30.3391,129.02,4,74
2003/2/1,1.159378627,3655.6,NaN,NaN,NaN,NaN,NaN,NaN,32.1775,127.35,3.7875,74.4
2003/3/1,1.163556499,3613.3,NaN,NaN,NaN,NaN,NaN,NaN,29.5605,125.19,3.75,75.2
2003/4/1,1.167493493,3926,NaN,NaN,NaN,NaN,NaN,NaN,24.7535,124.04,3.75,74.7
2003/5/1,1.171225661,4048.1,NaN,NaN,NaN,NaN,NaN,NaN,25.455,122.29,3.75,74.3
2003/6/1,1.175239725,4031.2,NaN,NaN,NaN,NaN,NaN,NaN,27.2886,124.6,3.75,74.1
2003/7/1,1.179556538,4157,NaN,NaN,NaN,NaN,NaN,NaN,28.3643,123.69,3.576086957,74.2
2003/8/1,1.18386661,4161.1,NaN,NaN,NaN,NaN,NaN,NaN,29.443,123,3.5,74.4
2003/9/1,1.188128961,4091.3,NaN,NaN,NaN,NaN,NaN,NaN,26.8073,123.33,3.5,74.5
2003/10/1,1.192987474,4287.6,NaN,NaN,NaN,NaN,NaN,NaN,28.9709,124.78,3.5,74.4
2003/11/1,1.198022886,4342.6,NaN,NaN,NaN,NaN,NaN,NaN,28.8065,125.74,3.7125,74.5
2003/12/1,1.202485786,4476.9,NaN,NaN,NaN,NaN,NaN,NaN,29.6171,126.26,3.75,74.6
2004/1/1,1.206866032,4390.7,NaN,NaN,NaN,NaN,NaN,NaN,30.6629,129.2,3.75,74.8
2004/2/1,1.211699163,4492.2,NaN,NaN,NaN,NaN,NaN,NaN,30.3435,132.29,3.9625,74.9
2004/3/1,1.216453893,4385.7,NaN,NaN,NaN,NaN,NaN,NaN,32.7317,131.87,4,75.2
2004/4/1,1.221022027,4489.7,NaN,NaN,NaN,NaN,NaN,NaN,32.9765,131.75,4,75.5
2004/5/1,1.225318835,4430.7,NaN,NaN,NaN,NaN,NaN,NaN,37.1979,131.36,4.223684211,76.1
2004/6/1,1.230628559,4464.1,NaN,NaN,NaN,NaN,NaN,NaN,35.5109,133.07,4.420454545,76.2
2004/7/1,1.23586721,4413.1,NaN,NaN,NaN,NaN,NaN,NaN,37.6673,133.12,4.5,76.4
2004/8/1,1.240789575,4459.3,NaN,NaN,NaN,NaN,NaN,NaN,41.7529,132.21,4.714285714,76.9
2004/9/1,1.245867365,4570.8,NaN,NaN,NaN,NaN,NaN,NaN,42.8559,129.95,4.75,77.4
2004/10/1,1.250387485,4624.2,NaN,NaN,NaN,NaN,NaN,NaN,49.3762,128.78,4.75,78.1
2004/11/1,1.255274762,4703.2,NaN,NaN,NaN,NaN,NaN,NaN,44.5659,128.56,4.75,78.2
2004/12/1,1.259602913,4814.3,NaN,NaN,NaN,NaN,NaN,NaN,40.2786,130.37,4.75,77.7
2005/1/1,1.264143357,4852.3,NaN,110.98,45.92,66.75,834,NaN,44.4815,128.48,4.75,77.5
2005/2/1,1.268537634,4968.5,4947,109.91,50.06,70.5,906,NaN,45.8645,129.61,4.75,77.8
2005/3/1,1.273166744,4894.4,4912.5,110.05,54.29,69.95,877,NaN,53.2729,129.77,4.75,78.4
2005/4/1,1.277847478,4801.7,4796,111.45,51.09,65,791,NaN,53.3071,130.92,4.75,79.2
2005/5/1,1.281937762,4964,4964,113.29,50.73,67.2,820,NaN,49.674,129.73,4.75,78.9
2005/6/1,1.286515071,5113.2,5121.5,114.17,55.58,63.25,846,NaN,55.4164,130.58,4.75,79
2005/7/1,1.291126212,5282.3,5270.5,112.93,59.37,66.45,884,NaN,57.9467,126.74,4.75,79.9
2005/8/1,1.295577163,5296.9,5295,114.2,67.02,65.5,818,NaN,63.8,127.74,4.534090909,80.2
2005/9/1,1.300123442,5477.7,5484.5,112.73,63.48,67.75,848,NaN,63.7995,128.95,4.5,81.1
2005/10/1,1.304424806,5317.3,5322.5,112.29,58.1,68.9,808,NaN,59.4995,127.71,4.5,81
2005/11/1,1.309113008,5423.2,5438.5,113.14,55.05,69.75,835,NaN,56.225,127.37,4.5,80.6
2005/12/1,1.313114933,5618.8,5616,114.45,58.98,67.9,911,NaN,57.6314,127.4,4.5,80.3
2006/1/1,1.31718646,5760.3,5742.5,114.08,65.99,70,877,NaN,63.8576,126.58,4.5,80.7
2006/2/1,1.321529276,5791.5,5764.5,113.7,61.76,70.5,862,NaN,61.142,126.42,4.5,80.9
2006/3/1,1.326284258,5964.6,5970,111.65,65.91,72.75,914,NaN,63.0287,125.74,4.5,81.3
2006/4/1,1.330369505,6023.1,6024,109.7,72.5,75.5,887,NaN,70.5395,125.61,4.5,82
2006/5/1,1.335075239,5723.8,5726,110.1,70.41,79.75,846,NaN,70.9832,129.43,4.5,82.6
2006/6/1,1.340264828,5833.4,5825,108.9,73.51,81,1001,NaN,69.7786,129.1,4.5,82.7
2006/7/1,1.345465029,5928.3,5916,109.73,75.15,81,850,NaN,74.2605,128.99,4.5,83.1
2006/8/1,1.350455734,5906.1,5903.5,110.38,70.25,87.7,806,NaN,73.9017,131.37,4.727272727,83.2
2006/9/1,1.355345867,5960.8,5986.5,110.04,62.48,90.75,849,NaN,63.6395,131.52,4.75,82.7
2006/10/1,1.360332194,6129.2,6140.5,110.01,59.03,96,828,NaN,59.8386,131.53,4.75,82
2006/11/1,1.365484726,6048.8,6061,110.01,64.26,96.75,824,NaN,59.8614,131.82,4.931818182,81.9
2006/12/1,1.369827081,6220.8,6216,108.13,60.86,97.25,888,NaN,62.2865,133.02,5,81.9
2007/1/1,1.375385668,6203.1,6187,106.26,57.4,94.5,890,NaN,54.6273,134.33,5.170454545,82.1
2007/2/1,1.380487088,6171.5,6158,107.64,61.89,94.75,946,NaN,58.804,133.61,5.25,82.4
2007/3/1,1.386031407,6308,6326,107.81,68.1,95.5,1059,NaN,62.455,131.68,5.25,83.2
2007/4/1,1.390844034,6449.2,6467.5,107.17,67.65,101,947,NaN,67.5985,132.54,5.25,83.7
2007/5/1,1.396289602,6621.4,6609,105.52,68.04,99.25,1033,NaN,67.8604,131.92,5.428571429,84.3
2007/6/1,1.402610244,6607.9,6638,103.73,71.41,120.5,1091,NaN,70.5386,132.73,5.5,84.7
2007/7/1,1.408931745,6360.1,6353.5,105.53,77.05,126,1018,NaN,75.8177,133.57,5.715909091,85
2007/8/1,1.414715446,6303.3,6315.5,107.02,72.69,175,947,NaN,71.2435,132.75,5.75,85.1
2007/9/1,1.420066457,6466.8,6519.5,106.94,79.17,180,1000,NaN,76.963,131.2,5.75,85.6
2007/10/1,1.425933266,6721.6,6748.5,107.3,90.63,154.5,962,NaN,82.4752,130.36,5.75,86.2
2007/11/1,1.431549455,6432.5,6462,109.57,88.26,170,951,NaN,92.2041,129.17,5.75,87.3
2007/12/1,1.436385262,6456.9,6455,110.23,93.85,164.5,1043,NaN,91.443,126.79,5.539473684,87.8
2008/1/1,1.441762691,5879.8,5874,110.57,92.21,172.75,1197,NaN,91.9145,122.3,5.5,88.8
2008/2/1,1.446834556,5884.3,5832,110.44,100.1,188.5,1391,NaN,94.6648,121.54,5.297619048,89.4
2008/3/1,1.451683416,5702.1,5708.5,111.3,100.3,176,1284,NaN,102.8665,119.89,5.25,90.7
2008/4/1,1.457300424,6087.3,6097,108.29,111.36,162,1477,NaN,110.4295,117.45,5.079545455,92.4
2008/5/1,1.4624414,6053.5,6041,105.97,127.78,148.5,1472,NaN,124.6814,117.32,5,94.9
2008/6/1,1.468791222,5625.9,5648,104.39,139.83,152,1758,NaN,133.7438,117.34,5,96.5
2008/7/1,1.474971613,5411.9,5405.5,107.36,123.98,129,1518,3792.8,134.5648,117.37,5,97.1
2008/8/1,1.480504717,5636.6,5648.5,109.54,114.05,120,1637,3542.9,115.2362,115.37,5,96
2008/9/1,1.48567319,4902.45,4973,112.15,98.17,99.5,1480,3046.7,100.785,113.23,5,95.8
2008/10/1,1.491342191,4377.34,4378.5,111.29,65.32,89,1322,2190.4,73.6843,113.05,4.608695652,93.8
2008/11/1,1.496632895,4288.01,4287,117.5,53.49,92.65,1612,1931.5,54.746,105.84,3.225,92
2008/12/1,1.500759454,4434.17,4390,123.47,45.59,105.75,1781,1723.3,43.0523,99.77,2.142857143,90.1
2009/1/1,1.504950058,4149.64,4104,117.42,45.88,116.5,1995,1666.3,45.7076,97.76,1.595238095,89.5
2009/2/1,1.509357328,3830.09,3807.5,120.44,46.35,110.25,1844,1718.8,43.8735,100.66,1.075,89.5
2009/3/1,1.513444771,3926.14,3885,123.21,49.23,108.75,1940,1906.7,47.4173,98.26,0.568181818,89.4
2009/4/1,1.517351327,4243.71,4207,120.6,50.8,110.75,1774,2102.7,51.3919,100.3,0.5,89.6
2009/5/1,1.521305096,4417.94,4390.5,118.71,65.52,121.5,1693,2260.5,58.5852,102.35,0.5,89.7
2009/6/1,1.526023839,4249.21,4218,118.08,69.3,97.5,1581,2383.7,69.2709,106.75,0.5,90.2
2009/7/1,1.530886564,4608.36,4576,117.42,71.7,103,1810,2732.7,65.7509,106.16,0.5,90
2009/8/1,1.535399319,4908.9,4918.5,120.08,69.65,100,1806,2966.6,73.0571,106.06,0.5,90.1
2009/9/1,1.539874513,5133.9,5091,118.56,69.07,97.5,2085,2895.8,68.1468,103.19,0.5,90.3
2009/10/1,1.544256316,5044.55,5001,118.54,75.2,102,2127,3003.5,73.9336,100.81,0.5,90.7
2009/11/1,1.549094017,5190.68,5196.5,120.05,78.47,108,2140,3159,77.5829,102.87,0.5,91.3
2009/12/1,1.553675603,5412.88,5361.5,114.45,77.93,106.5,2250,3403.5,75.2091,101.99,0.5,91.5
2010/1/1,1.558857713,5188.52,5148.5,115.66,71.46,97.05,2233,3125.4,77.013,102.64,0.5,91.6
2010/2/1,1.563655204,5354.52,5336.5,115.86,77.59,95,2181,3313.3,74.79,101.73,0.5,91.7
2010/3/1,1.568986583,5679.64,5610.5,114.75,82.7,96.75,2255,3610.2,79.9313,98.07,0.5,92.9
2010/4/1,1.573860824,5553.29,5507.5,115.94,87.44,103.7,2370,3512.5,85.7538,100.36,0.5,94
2010/5/1,1.578343005,5188.43,5187,119.79,74.65,105.9,2420,3178.1,76.9976,100.18,0.5,94.2
2010/6/1,1.582684232,4916.87,4880.5,121.05,75.01,101.9,2503,3002.3,75.6586,102.61,0.5,94
2010/7/1,1.587311802,5258.02,5245,121.51,78.18,142.5,2273,3347.8,75.3564,103.12,0.5,94
2010/8/1,1.591393857,5225.22,5207,126.62,74.64,154.6,1951,3352.5,77.115,104.62,0.5,93.9
2010/9/1,1.595043231,5548.62,5529.5,124.32,82.31,153,1910,3686.7,78.4173,102.74,0.5,94.1
2010/10/1,1.598936514,5675.16,5661,123.36,83.15,170.25,1856,3770.3,83.5362,100.43,0.5,94.8
2010/11/1,1.603348216,5528.27,5544.5,122.22,85.92,179.2,1892,3736.3,86.1595,102.29,0.5,95.4
2010/12/1,1.60775201,5899.94,5893,119.49,94.75,199,2017,4213,92.2548,101.67,0.5,96.5
2011/1/1,1.612291778,5862.94,5833,117.33,101.01,203.1,2185,4321.3,96.9071,101.9,0.5,97.8
2011/2/1,1.617256523,5994.01,5973.5,117.99,111.8,201,2392,4432.6,104.032,102.93,0.5,98.6
2011/3/1,1.62229505,5908.76,5884.5,117.17,117.36,202,1915,4278.6,114.6717,101.5,0.5,100.2
2011/4/1,1.62645609,6069.9,6033,119.16,125.89,205,1975,4280.2,123.0905,100.6,0.5,101.2
2011/5/1,1.630775193,5989.99,5965.5,121.35,116.73,193,1840,4144.1,114.5218,100.71,0.5,101.2
2011/6/1,1.635415354,5945.71,5902.5,120.15,112.48,171,1954,4151.8,113.9018,99.67,0.5,101.4
2011/7/1,1.63993145,5815.19,5784.5,125.09,116.74,163.65,1852,4329.5,116.7548,99.37,0.5,101.7
2011/8/1,1.643569816,5394.53,5386,127.76,114.85,174.75,1936,4043.7,109.9261,100.62,0.5,101.6
2011/9/1,1.646999448,5128.48,5090.5,129.99,102.76,150.65,1699,3198.2,109.905,100.33,0.5,102
2011/10/1,1.650168663,5544.22,5538.5,128.34,109.56,151,1673,3526.1,108.7867,100.69,0.5,102
2011/11/1,1.653320072,5505.42,5493,130.25,110.52,142.65,1440,3436.9,110.4914,101.95,0.5,102.3
2011/12/1,1.655935205,5572.28,5536,116.95,107.38,152.25,1380,3306,107.7229,102.46,0.5,102
2012/1/1,1.658483356,5681.61,5644.5,117.25,110.98,168.5,1497,3666.8,111.4524,102.54,0.5,102.3
2012/2/1,1.661550307,5872.95,5853,116.38,122.66,165.5,1479,3707.6,119.06,102.4,0.5,102.8
2012/3/1,1.664626926,5768.45,5729.5,114.51,122.88,174.75,1462,3581.4,124.5445,102.91,0.5,103.7
2012/4/1,1.667161381,5737.78,5715,115.61,119.47,178.75,1472,3588.2,120.4865,104.44,0.5,103.9
2012/5/1,1.669741561,5320.86,5288.5,121.67,101.43,171.6,1471,3216.1,110.2887,106,0.5,103.1
2012/6/1,1.671969652,5571.15,5523,119.11,97.88,188,1614,3251.7,95.9271,105.14,0.5,102.1
2012/7/1,1.674271789,5635.28,5606,121.88,103.84,191.95,1629,3191.2,102.6423,106.24,0.5,102.2
2012/8/1,1.676505128,5711.48,5698.5,121.94,114.05,204.85,1686,3225.3,112.6783,106.23,0.5,103.2
2012/9/1,1.678796671,5742.07,5713,120.62,111.58,202.75,1631,3549,113.034,106.5,0.5,103.7
2012/10/1,1.68127581,5782.7,5764,119.14,107.56,210.5,1548,3278.5,111.52,105.69,0.5,103.8
2012/11/1,1.683761379,5866.82,5873.5,120.11,110.25,223.75,1593,3471.5,109.5273,105.64,0.5,103.3
2012/12/1,1.686105769,5897.81,5848,118.92,109.89,205.25,1435,3454.5,109.1965,105.57,0.5,102.9
2013/1/1,1.688784184,6276.88,6260,116.37,114.54,212.3,1428,3557.9,112.3232,103.81,0.5,103.4
2013/2/1,1.691570767,6360.81,6358.5,117.69,110.42,202.65,1409,3386.4,116.0725,100.68,0.5,104.7
2013/3/1,1.694224613,6411.74,6351,118.78,110.02,199.25,1467,3262.1,109.542,99.81,0.5,104.8
2013/4/1,1.696338458,6430.12,6383.5,120.01,102.37,193.5,1544,3075.6,103.425,101.11,0.5,104.1
2013/5/1,1.698850452,6583.09,6573.5,116.66,100.39,182.5,1491,3169.9,103.2765,101.4,0.5,103.8
2013/6/1,1.701818666,6215.47,6161.5,111.9,102.16,155.7,1440,2940.5,103.341,102.26,0.5,103.9
2013/7/1,1.705322945,6621.06,6563.5,112.68,107.7,164.25,1572,2990.2,107.427,100.96,0.5,104.6
2013/8/1,1.708997457,6412.93,6408,110.34,114.01,157.5,1639,3062.8,110.4491,102.23,0.5,104.8
2013/9/1,1.712696019,6462.22,6429.5,110.32,108.37,156.75,1707,3140.7,111.2548,104.48,0.5,104.8
2013/10/1,1.716359487,6730.37,6708.5,111.26,108.84,164.5,1697,3149.6,109.4404,104.39,0.5,104
2013/11/1,1.720306828,6650.57,6651,109.86,109.69,164.5,1736,3036.5,107.9038,105.5,0.5,103.7
2013/12/1,1.724145973,6749.09,6697.5,106.56,110.8,163.75,1730,3159.3,110.7019,106.7,0.5,103.7
2014/1/1,1.728145242,6510.44,6458.5,110.39,106.4,149.5,1844,3041.6,107.1132,107.94,0.5,103.8
2014/2/1,1.732005713,6809.7,6775.5,110.39,109.07,155.75,1838,3084.9,108.835,108.39,0.5,104
2014/3/1,1.736023457,6598.37,6543.5,109.53,107.76,165.75,1867,2997.4,107.7481,108.23,0.5,104
2014/4/1,1.739629277,6780.03,6744.5,110.33,108.07,168.45,1835,3052.1,108.09,108.95,0.5,103.9
2014/5/1,1.743031576,6844.51,6822.5,111.66,109.41,147,1950,3136.5,109.2391,109.77,0.5,103.8
2014/6/1,1.747075741,6743.94,6711,109.92,112.36,139,1979,3207.5,111.9671,110.82,0.5,103.6
2014/7/1,1.751056542,6730.11,6682.5,110.68,106.02,122.1,2019,3280.9,108.1852,112.1,0.5,103.5
2014/8/1,1.754579049,6819.75,6801.5,114.4,103.19,121.8,2057,3280.4,103.3957,110.87,0.5,103.3
2014/9/1,1.758064158,6622.72,6605.5,113.14,94.67,107.7,2110,3091.6,98.57,110.52,0.5,103
2014/10/1,1.761218857,6546.47,6505.5,115.1,85.86,118.5,1910,3122.7,88.0496,110.32,0.5,102.3
2014/11/1,1.764388039,6722.62,6731,118.37,70.15,131.8,1924,3023.2,79.629,109.83,0.5,101.8
2014/12/1,1.766977253,6566.09,6522.5,119.53,57.33,133.4,1980,2914.3,63.2664,110.44,0.5,100.8
2015/1/1,1.769210618,6749.4,6706,123.87,52.99,122.1,1905,2714.9,49.7581,110.75,0.5,100
2015/2/1,1.771538035,6946.66,6920,119.37,62.58,116.8,2035,2753,58.795,113.6,0.5,100.3
2015/3/1,1.774186618,6773.04,6727,120.75,55.11,120.5,1901,2750.8,56.9386,114.11,0.5,100.6
2015/4/1,1.776545534,6960.63,6929,118.12,66.78,111.9,1992,2938.8,61.1357,113.65,0.5,100.7
2015/5/1,1.779256986,6984.43,6964.5,118.67,65.56,110.1,2107,2735.5,65.6086,115.4,0.5,100.9
2015/6/1,1.782473957,6520.98,6494,115.73,63.59,117.65,2139,2600.7,63.7527,116.37,0.5,100.7
2015/7/1,1.785645657,6696.28,6654,117.3,52.21,119.85,2131,2438.9,56.7643,117.97,0.5,100.3
2015/8/1,1.788451572,6247.94,6217,118.06,54.15,113.65,2086,2377.6,48.2057,118.55,0.5,99.8
2015/9/1,1.791133718,6061.61,6018.5,119.06,48.37,115.6,2140,2371.2,48.5395,116.63,0.5,99.6
2015/10/1,1.793769248,6361.09,6320,117.75,49.56,114.95,2208,2317,49.2927,116.06,0.5,99.4
2015/11/1,1.796725814,6356.09,6352.5,118.63,44.61,113.4,2261,2145.1,45.9324,118.23,0.5,99.1
2015/12/1,1.79935525,6242.32,6198,116.77,37.28,114,2262,2203.1,38.9041,116.18,0.5,98.7
2016/1/1,1.802029272,6083.79,6007,120.32,34.74,108.1,2009,2168.4,31.9255,112.64,0.5,98.8
2016/2/1,1.804090298,6097.09,6058.5,122.75,35.97,101.7,2215,2244.1,33.5271,110.23,0.5,98.9
2016/3/1,1.806208849,6174.9,6113,121.22,39.6,104.3,2156,2270.9,39.79,108.8,0.5,99.2
2016/4/1,1.80857013,6241.89,6212,119.6,48.13,106.95,2313,2414.3,43.3395,107.7,0.5,99.3
2016/5/1,1.810675449,6230.79,6219.5,121.12,49.69,106.1,2238,2246.7,47.6468,110.11,0.5,99.4
2016/6/1,1.812566929,6504.33,6422.5,128.49,49.68,112,2385,2369.3,49.9273,107.9,0.5,99.8
2016/7/1,1.814012293,6724.43,6676.5,130.95,42.46,125.7,2297,2427.9,46.5348,100.85,0.5,100.3
2016/8/1,1.815085341,6781.51,6786,132.65,47.04,122.95,2359,2348.3,47.1591,99.4,0.284090909,100.5
2016/9/1,1.816277957,6899.33,6857.5,130.25,49.06,127.05,2223,2473.8,47.2405,99.9,0.25,100.7
2016/10/1,1.817767641,6954.22,6929,125.34,48.3,140,2262,2502.2,51.3876,94.79,0.25,101.7
2016/11/1,1.819860745,6783.79,6781.5,124.09,50.47,138,1964,2799.3,47.0786,97.42,0.25,101.7
2016/12/1,1.821751349,7142.83,7050,125.83,56.82,138.9,1732,2659.6,54.9162,99.69,0.25,102
2017/1/1,1.823720102,7099.15,7045.5,123.87,55.7,147.05,1686,2856.4,55.4476,98.01,0.25,102.8
2017/2/1,1.825610149,7263.44,7265.5,128.34,55.59,144.25,1529,2889,55.9845,98.59,0.25,103.1
2017/3/1,1.827426578,7322.92,7275.5,127.58,52.83,147,1679,2858.7,52.5387,97.28,0.25,103.4
2017/4/1,1.828834849,7203.94,7165,128.27,51.73,148.6,1403,2782.5,53.8189,99.21,0.25,103.5
2017/5/1,1.830325039,7519.95,7508,128.99,50.31,141.9,1583,2759.2,51.3904,99.79,0.25,103.5
2017/6/1,1.831979389,7312.72,7242.5,125.57,47.92,145.65,1533,2853.5,47.5536,97.66,0.25,103.6
2017/7/1,1.833920284,7372,7310,126.02,52.65,146.4,1590,2977.9,49.1486,97.68,0.25,103.8
2017/8/1,1.83556347,7430.62,7432.5,128.31,52.38,140.75,1503,3217.3,51.87,95.79,0.25,104.3
2017/9/1,1.837379218,7372.76,7329.5,123.88,57.54,142.15,1516,3124.7,55.5186,97.71,0.25,104.8
2017/10/1,1.839494702,7493.08,7467.5,124.33,61.37,137.3,1553,3261.6,57.6491,98.01,0.25,105.1
2017/11/1,1.841533315,7326.67,7329,124.51,63.57,138.3,1444,3176.2,62.8659,98.39,0.488636364,105.5
2017/12/1,1.843153591,7687.77,7638,125.16,66.87,136.25,1378,3418.9,64.0725,99.14,0.5,105.8
2018/1/1,1.845293416,7533.55,7467,122.14,69.05,136.9,1399,3432.5,69.0786,99.61,0.5,106
2018/2/1,1.847534846,7231.91,7226,122.07,65.78,139.2,1574,3339.7,65.7305,99.85,0.5,106
2018/3/1,1.84975102,7056.61,6993.5,122.82,70.27,143,1753,3204.8,66.7195,100.09,0.5,106.2
2018/4/1,1.851776169,7509.3,7460,122.26,75.17,143.5,1856,3299.7,71.7624,101.28,0.5,106.7
2018/5/1,1.853891837,7678.2,7670,124.41,77.59,156.5,1773,3350.6,77.0065,99.78,0.5,107.6
2018/6/1,1.856090155,7636.93,7601.5,123.06,79.44,149.5,1898,3203.9,75.9414,99.54,0.5,108.1
2018/7/1,1.858215238,7748.76,7703,122.68,74.25,186.35,1601,3044,74.9518,99.38,0.5,107.9
2018/8/1,1.860287572,7432.42,7424,123.21,77.42,182.15,1635,2928.3,73.8417,98.55,0.738636364,108.3
2018/9/1,1.862404819,7510.2,7486.5,120.94,82.72,176.15,1496,2994.8,79.1095,99.74,0.75,108.8
2018/10/1,1.864804534,7128.1,7111,122.41,75.47,171,1695,2856.6,80.6296,100.24,0.75,109.2
2018/11/1,1.867064239,6980.24,6969,123.42,58.71,169.75,1571,2909.8,65.9491,99.81,0.75,109
2018/12/1,1.868751247,6728.13,6659,123.17,53.8,172.6,1766,2801.1,57.6745,97.86,0.75,108.4
2019/1/1,1.87081008,6968.85,6902.5,123.53,61.89,169.35,1571,2948,60.2409,98.84,0.75,108.3
2019/2/1,1.872566147,7089.84,7075.5,123.05,66.03,161.4,1709,3058,64.4315,100.06,0.75,108.5
2019/3/1,1.874423138,7279.19,7211.5,129.37,68.39,163.5,1728,3056.7,67.0276,101.62,0.75,108.7
2019/4/1,1.876040276,7418.22,7371.5,127.32,72.8,161.2,1936,2958.2,71.6286,101.02,0.75,109.2
2019/5/1,1.877586062,7161.71,7151,130.6,64.49,155.4,1785,2763.1,70.303,100.32,0.75,109.7
2019/6/1,1.879024019,7425.63,7369,130.3,66.55,146.7,1771,2818.6,63.038,98.3,0.75,109.5
2019/7/1,1.88032431,7586.78,7535.5,132.83,65.17,147.25,1825,2813.7,64.2148,96.84,0.75,109.9
2019/8/1,1.881188276,7207.18,7180.5,135.26,60.43,131.5,1640,2757.3,59.5018,95.46,0.75,109.8
2019/9/1,1.882083287,7408.21,7383.5,134.24,60.78,139,1917,2774.3,62.2871,97.74,0.75,109.7
2019/10/1,1.883041229,7248.38,7246,132.84,60.23,139.1,1861,2815.8,59.6322,99.62,0.75,109.4
2019/11/1,1.88424163,7346.53,7365,132.05,62.43,143.85,1999,2749,62.7095,101.45,0.75,109
2019/12/1,1.885425833,7542.44,7499,131.38,66,146.5,1819,2843.3,65.1738,102.76,0.75,109
2020/1/1,1.886513246,7286.01,7217.5,134.94,58.16,149.55,1955,2629.9,63.6727,102.35,0.75,109.2
2020/2/1,1.887508311,6580.61,6528.5,136.17,50.52,146.5,1926,2606.9,55.481,102.95,0.75,109
2020/3/1,1.888233307,5671.96,5635.5,136.19,22.74,157.75,1754,2335.3,33.7291,98.43,0.347727273,108.5
2020/4/1,1.888722777,5901.21,5885,137.7,25.27,151.5,2025,2392.8,26.6371,100.51,0.1,107.3
2020/5/1,1.889095685,6076.6,6060.5,138.4,35.33,163.6,1960,2470.9,32.4119,99.28,0.1,107.2
2020/6/1,1.889514277,6169.74,6147.5,137.64,41.15,160.95,1623,2681.7,40.7727,98.79,0.1,107.7
2020/7/1,1.889844073,5897.76,5886.5,138.55,43.3,165.85,1621,2872.7,43.2257,98.73,0.1,108
2020/8/1,1.890251536,5963.57,5961.5,135.95,45.28,169,1729,3017.3,45.02,100.38,0.1,107.9
2020/9/1,1.890662885,5866.1,5841.5,136.11,40.95,183.7,1796,2967.9,41.8736,99.2,0.1,107.8
2020/10/1,1.891123762,5577.27,5563.5,135.68,37.46,188.05,1605,3037.4,41.5241,99.32,0.1,107.9
2020/11/1,1.891728374,6266.19,6292.5,135.11,47.59,192.25,1839,3378.9,43.9795,100.21,0.1,108.3
2020/12/1,1.892192409,6460.52,6420,135.54,51.8,198.5,1737,3414.5,50.2182,99.84,0.1,108.7
2021/1/1,1.892771373,6407.46,6361,134.07,55.88,207.6,1728,3455.8,55.3215,101.07,0.1,109.5
2021/2/1,1.893663556,6483.43,6439.5,128.75,66.13,207.4,1912,3876.9,62.2815,103.02,0.1,110.2
2021/3/1,1.894998033,6713.63,6679.5,127.59,63.54,194,1693,3787.1,65.7022,104.62,0.1,110.6
2021/4/1,1.896167336,6969.81,6937.5,127.67,67.25,204.5,1576,4178.1,65.2657,104.3,0.1,111.1
2021/5/1,1.897403451,7022.61,7023.5,128.27,69.32,195,1617,4349.6,68.309,104.81,0.1,111.9
2021/6/1,1.89875525,7037.47,6980.5,128.1,75.13,190,1607,4151.5,73.4082,104.91,0.1,112.7
2021/7/1,1.899859542,7032.3,6966.5,129.79,76.33,182.5,1617,4320.6,74.2936,104.79,0.1,113.8
2021/8/1,1.900832802,7119.7,7096.5,129.29,72.99,194.25,1719,4292.4,70.5136,104.97,0.1,114.6
2021/9/1,1.901997762,7086.42,7073.5,125.15,78.52,200.6,1874,4161,74.8764,104.43,0.1,115.4
2021/10/1,1.903636283,7237.57,7224,124.92,84.38,213.95,1694,4394.2,83.7462,105.21,0.1,117.3
2021/11/1,1.90512652,7059.45,7079.5,127.33,70.57,224.55,1598,4326.9,80.8495,104.67,0.1,118.4
2021/12/1,1.906340527,7384.54,7324,124.9,77.78,220.25,1701,4502,74.8039,104.69,0.171428571,119
2022/1/1,1.908005308,7464.37,7396.5,121.96,91.21,214.75,1703,4587.2,85.5724,106.26,0.25,120.7
2022/2/1,1.910372968,7458.25,7434.5,121.4,100.99,250.55,1642,4855.8,94.1015,106.05,0.475,121.9
2022/3/1,1.912833756,7515.68,7486,119.97,107.91,307.5,1769,5174.3,112.463,105.56,0.619565217,125.7
2022/4/1,1.915251668,7544.55,7513,117.21,109.34,329.5,1751,4830.8,105.917,104.85,0.75,129.4
2022/5/1,1.918030483,7607.66,7585.5,115.47,122.84,297,1744,4537,111.9595,103.14,0.976190476,131.6
2022/6/1,1.921492216,7169.28,7121,113.34,114.81,259.05,1696,3878.6,117.5032,102.46,1.1375,134.5
2022/7/1,1.924927455,7423.43,7377.5,117.35,110.01,270.05,1704,3850.9,105.1238,102.23,1.25,136.2
2022/8/1,1.928499172,7284.15,7287.5,107.93,96.49,269.65,1800,3739.4,97.7409,102.55,1.681818182,136.2
2022/9/1,1.933869385,6893.81,7008.5,96.4,87.96,291.15,1940,3541,90.5709,99.09,1.916666667,136.2
2022/10/1,1.939916272,7094.53,7147.5,102.13,94.83,274.7,1919,3487.1,93.5938,100.11,2.25,137.5
2022/11/1,1.945440287,7573.05,7626,104.99,85.43,246,2139,3923.5,90.8518,101.42,2.931818182,137.2
2022/12/1,1.950376503,7451.74,7479,99.1,85.91,240.5,2062,3983.8,81.3414,102.32,3.25,136.1
2023/1/1,1.95537034,7771.7,7754.5,103.96,84.49,227.95,2025,4356.3,83.9067,101.05,3.5,136.7
2023/2/1,1.961163532,7876.28,7872.5,99.84,83.89,219.5,2102,4031.2,83.5375,100.7,3.975,136.2
2023/3/1,1.966987897,7631.74,7641.5,102.6,79.77,203.25,2159,4038.2,79.207,101.39,4.076086957,136.2
2023/4/1,1.97211649,7870.57,7875.5,101.22,79.54,188.85,2205,3907.6,83.3689,102.53,4.25,136
2023/5/1,1.9775427,7446.14,7463,96.79,72.66,165.5,2346,3627.9,75.6948,103.66,4.425,135.2
2023/6/1,1.984424685,7531.53,7541.5,95.3,74.9,175.15,2722,3681.1,74.9786,105.78,4.659090909,135.2
2023/7/1,1.991762378,7699.41,7689,96.13,85.43,197.85,2698,3913.5,80.16,106.96,5,135.6
2023/8/1,1.998954113,7439.13,7462.5,95.57,86.83,185.85,2944,3717.6,85.1043,106.86,5.227272727,135.9
2023/9/1,2.006316816,7608.08,7671,94.56,95.31,186.1,2949,3716.9,92.5871,105.98,5.25,136.6
2023/10/1,2.013320039,7321.72,7349.5,93.66,85.02,183.2,3381,3602,88.7041,104.92,5.25,137
2023/11/1,2.020487573,7453.75,7482.5,96.68,80.86,184,3580,3643.2,82.03,105.23,5.25,136.9
2023/12/1,2.026103709,7733.24,7756.5,102.68,77.04,187.05,3506,3762.1,77.324,106.19,5.25,136.2
2024/1/1,2.032742461,7630.57,7629,99.97,80.55,169.6,3883,3731.5,79.1495,106.85,5.25,136
2024/2/1,2.039119365,7630.02,7626.5,98.09,81.91,157,5566,3694.2,81.7162,106.61493,5.25,135.456
2024/3/1,2.044292038,7952.62,7993.8,99.79,87.48,171.95,8276,3811.4,84.6655,NaN,5.25,NaN
2024/4/1,2.049477833,7911.16,7939,98.56,89.87,172.5,7996,4010.8,89.502,NaN,5.25,NaN
