日期,10年国债-美国,股票-美国纳斯达克,股指期货-美国,国债政府债期货-美国,能源期货-美国,肉类期货-美国,作物期货-美国,软商品期货-美国,金属期货-美国,原油期货-美国WTI,黄金期货-美国COMEX,名义有效汇率-美国,央行基准利率-美国,PPI指数-美国
2000/1/1,1,3940.35,NaN,NaN,NaN,NaN,NaN,NaN,NaN,27.0142,286.1118,91.31,5.45,66.82291667
2000/2/1,1.005174206,4696.69,NaN,NaN,NaN,NaN,NaN,NaN,NaN,29.2975,302.415,92.53,5.73,67.60416667
2000/3/1,1.010414952,4572.83,NaN,NaN,NaN,NaN,NaN,NaN,NaN,29.8943,287.1478,92.5,5.85,68.125
2000/4/1,1.015206844,3860.66,NaN,NaN,NaN,NaN,NaN,NaN,NaN,25.5368,281.9684,92.99,6.02,68.07291667
2000/5/1,1.020418607,3400.91,NaN,NaN,NaN,NaN,NaN,NaN,NaN,28.8059,275.8864,95.22,6.27,68.54166667
2000/6/1,1.025603416,3966.11,NaN,NaN,NaN,NaN,NaN,NaN,NaN,31.53,288.3273,94.24,6.53,69.6875
2000/7/1,1.030531196,3766.99,NaN,NaN,NaN,NaN,NaN,NaN,NaN,29.7163,281.8778,94.31,6.54,69.63541667
2000/8/1,1.0355345,4206.35,NaN,NaN,NaN,NaN,NaN,NaN,NaN,31.1378,279.5348,95.03,6.5,69.21875
2000/9/1,1.040300424,3672.82,NaN,NaN,NaN,NaN,NaN,NaN,NaN,33.867,276.905,96.06,6.52,70.15625
2000/10/1,1.045049159,3369.63,NaN,NaN,NaN,NaN,NaN,NaN,NaN,32.9323,272.1182,97.55,6.51,70.52083333
2000/11/1,1.049801758,2597.93,NaN,NaN,NaN,NaN,NaN,NaN,NaN,34.263,266.6632,98.27,6.51,70.3125
2000/12/1,1.054168017,2470.52,NaN,NaN,NaN,NaN,NaN,NaN,NaN,28.3985,273.575,97.53,6.4,70.9375
2001/1/1,1.058495696,2772.73,NaN,NaN,NaN,NaN,NaN,NaN,NaN,29.2595,266.2095,97.45,5.98,72.91666667
2001/2/1,1.06276849,2151.83,NaN,NaN,NaN,NaN,NaN,NaN,NaN,29.6447,263.5053,97.95,5.49,71.5625
2001/3/1,1.067095246,1840.26,NaN,NaN,NaN,NaN,NaN,NaN,NaN,27.2714,262.9,99.62,5.31,70.78125
2001/4/1,1.071449164,2116.24,NaN,NaN,NaN,NaN,NaN,NaN,NaN,27.621,261.795,100.48,4.8,71.04166667
2001/5/1,1.076053678,2110.49,NaN,NaN,NaN,NaN,NaN,NaN,NaN,28.6841,272.5682,100.21,4.21,71.25
2001/6/1,1.080792157,2161.24,NaN,NaN,NaN,NaN,NaN,NaN,NaN,27.5848,271.7905,100.81,3.97,70.57291667
2001/7/1,1.08529382,2027.13,NaN,NaN,NaN,NaN,NaN,NaN,NaN,26.4671,268.1952,101.21,3.77,69.47916667
2001/8/1,1.089789925,1805.43,NaN,NaN,NaN,NaN,NaN,NaN,NaN,27.3091,275.4739,99.62,3.65,69.47916667
2001/9/1,1.093442538,1498.8,NaN,NaN,NaN,NaN,NaN,NaN,NaN,26.0341,285.9,99.92,3.07,69.42708333
2001/10/1,1.097422906,1690.2,NaN,NaN,NaN,NaN,NaN,NaN,NaN,22.2126,284.1957,100.59,2.49,67.86458333
2001/11/1,1.101290075,1930.58,NaN,NaN,NaN,NaN,NaN,NaN,NaN,19.6695,276.9167,101.05,2.09,67.60416667
2001/12/1,1.105736752,1950.4,NaN,NaN,NaN,NaN,NaN,NaN,NaN,19.4037,276.3667,101.14,1.82,66.71875
2002/1/1,1.110165982,1934.03,NaN,NaN,NaN,NaN,NaN,NaN,NaN,19.729,282.0476,102.29,1.73,66.92708333
2002/2/1,1.11409025,1731.49,NaN,NaN,NaN,NaN,NaN,NaN,NaN,20.7558,296.7632,102.86,1.74,66.875
2002/3/1,1.118762356,1845.35,NaN,NaN,NaN,NaN,NaN,NaN,NaN,24.442,294.665,102.26,1.73,67.60416667
2002/4/1,1.123215652,1688.23,NaN,NaN,NaN,NaN,NaN,NaN,NaN,26.2582,304.2045,101.91,1.75,68.125
2002/5/1,1.127839556,1615.73,NaN,NaN,NaN,NaN,NaN,NaN,NaN,26.9532,314.9864,100.62,1.75,68.125
2002/6/1,1.132469807,1463.21,NaN,NaN,NaN,NaN,NaN,NaN,NaN,25.546,321.78,99.46,1.75,68.17708333
2002/7/1,1.136670204,1328.26,NaN,NaN,NaN,NaN,NaN,NaN,NaN,26.94,313.915,98.04,1.73,68.33333333
2002/8/1,1.140702799,1314.85,NaN,NaN,NaN,NaN,NaN,NaN,NaN,28.2,311.8636,99.1,1.74,68.48958333
2002/9/1,1.143901727,1172.06,NaN,NaN,NaN,NaN,NaN,NaN,NaN,29.67,321.005,99.73,1.75,68.90625
2002/10/1,1.14749507,1329.75,NaN,NaN,NaN,NaN,NaN,NaN,NaN,28.863,317.0696,100.49,1.75,69.375
2002/11/1,1.150997662,1478.78,NaN,NaN,NaN,NaN,NaN,NaN,NaN,26.1895,319.4316,99.46,1.34,69.32291667
2002/12/1,1.154689575,1335.51,NaN,NaN,NaN,NaN,NaN,NaN,NaN,29.3933,337.0263,98.98,1.24,69.21875
2003/1/1,1.1584082,1320.91,NaN,NaN,NaN,NaN,NaN,NaN,NaN,32.6995,358.6,97.69,1.24,70.46875
2003/2/1,1.161661835,1337.52,NaN,NaN,NaN,NaN,NaN,NaN,NaN,35.7332,358.8737,97.63,1.26,71.66666667
2003/3/1,1.165347345,1341.17,NaN,NaN,NaN,NaN,NaN,NaN,NaN,33.1562,340.1476,97.23,1.25,73.54166667
2003/4/1,1.169016865,1464.31,NaN,NaN,NaN,NaN,NaN,NaN,NaN,28.1357,329.8238,96.53,1.26,71.25
2003/5/1,1.172335722,1595.91,NaN,NaN,NaN,NaN,NaN,NaN,NaN,28.0705,356.1619,93.13,1.26,71.19791667
2003/6/1,1.175593141,1622.8,NaN,NaN,NaN,NaN,NaN,NaN,NaN,30.5195,357.1048,92.85,1.22,71.875
2003/7/1,1.179318408,1735.02,NaN,NaN,NaN,NaN,NaN,NaN,NaN,30.7023,351.4455,93.69,1.01,71.71875
2003/8/1,1.183687034,1810.45,NaN,NaN,NaN,NaN,NaN,NaN,NaN,31.5971,361.9619,94.86,1.03,71.875
2003/9/1,1.187376192,1786.94,NaN,NaN,NaN,NaN,NaN,NaN,NaN,28.3114,380.4095,93.9,1.01,72.13541667
2003/10/1,1.191436932,1932.21,NaN,NaN,NaN,NaN,NaN,NaN,NaN,30.3452,379.3522,91.99,1.01,72.55208333
2003/11/1,1.195279316,1960.26,NaN,NaN,NaN,NaN,NaN,NaN,NaN,31.0561,390.0556,91.83,1,72.34375
2003/12/1,1.199345431,2003.37,NaN,NaN,NaN,NaN,NaN,NaN,NaN,32.1424,409.4105,90.59,0.98,72.65625
2004/1/1,1.202952593,2066.15,NaN,NaN,NaN,NaN,NaN,NaN,NaN,34.2247,414.5444,89.11,1,73.64583333
2004/2/1,1.20684214,2029.82,NaN,NaN,NaN,NaN,NaN,NaN,NaN,34.5,404.4263,89.44,1.01,74.01041667
2004/3/1,1.210690479,1994.22,NaN,NaN,NaN,NaN,NaN,NaN,NaN,36.7183,407.7739,90.36,1,74.53125
2004/4/1,1.214877451,1920.15,NaN,NaN,NaN,NaN,NaN,NaN,NaN,36.6167,404.6429,91.06,1,75.41666667
2004/5/1,1.219028722,1986.74,NaN,NaN,NaN,NaN,NaN,NaN,NaN,40.28,383.97,92.51,1,76.45833333
2004/6/1,1.223619012,2047.79,NaN,NaN,NaN,NaN,NaN,NaN,NaN,38.0495,392.7857,91.63,1.03,76.66666667
2004/7/1,1.227997158,1887.36,NaN,NaN,NaN,NaN,NaN,NaN,NaN,40.8076,398.819,90.95,1.26,76.77083333
2004/8/1,1.23237841,1838.1,NaN,NaN,NaN,NaN,NaN,NaN,NaN,44.8836,404.1818,91.17,1.43,77.08333333
2004/9/1,1.236422852,1896.84,NaN,NaN,NaN,NaN,NaN,NaN,NaN,45.9376,408.0524,90.78,1.61,76.92708333
2004/10/1,1.240093594,1974.99,NaN,NaN,NaN,NaN,NaN,NaN,NaN,53.0938,422.3143,89.5,1.76,78.125
2004/11/1,1.244033709,2096.81,NaN,NaN,NaN,NaN,NaN,NaN,NaN,48.4755,438.4526,87.08,1.93,78.85416667
2004/12/1,1.248229168,2175.44,NaN,NaN,NaN,NaN,NaN,NaN,NaN,43.2562,443.8762,86.02,2.16,78.22916667
2005/1/1,1.252411231,2062.41,NaN,114.84,48.2,91,291,1525,1.421,46.8515,424.1778,86.53,2.28,78.59375
2005/2/1,1.256165618,2051.72,10778,113.09,51.75,87.22,337.25,1715,1.4985,48.0532,425.5263,86.67,2.5,78.95833333
2005/3/1,1.260669154,1999.23,10520,111.38,55.4,92,331,1613,1.497,54.6295,435.2455,86.13,2.63,80.05208333
2005/4/1,1.265022283,1921.65,10197,114.84,49.72,93.92,318,1459,1.464,53.2176,431.3143,86.97,2.79,80.72916667
2005/5/1,1.269011228,2068.22,10480,117.47,51.97,90,331.75,1422,1.4225,49.871,423.0333,87.35,3,80.36458333
2005/6/1,1.273239343,2056.96,10302,118.75,56.5,82.78,321.5,1440,1.51,56.4195,433.5364,88.25,3.04,80.36458333
2005/7/1,1.277460738,2184.83,10677,115.31,60.57,87.55,327.75,1479,1.6225,59.026,424.51,88.6,3.26,81.40625
2005/8/1,1.2819985,2152.09,10502,118.38,68.94,83.25,301.5,1350,1.668,64.9935,443.0391,87.43,3.5,82.08333333
2005/9/1,1.28628057,2151.69,10612,114.41,66.24,89.12,346.25,1413,1.7275,65.5529,461.1286,87.32,3.62,84.47916667
2005/10/1,1.290440942,2120.3,10410,111.97,59.76,88.5,317,1351,1.792,62.2686,472.4714,88.28,3.78,86.5625
2005/11/1,1.294874388,2232.82,10833,112.28,57.32,65.88,304,1408,1.9655,58.343,475.4316,88.92,4,85.26041667
2005/12/1,1.299275554,2205.32,10744,114.19,61.04,92.45,339.25,1504,2.042,59.4476,512.3524,88.36,4.16,84.89583333
2006/1/1,1.303433235,2305.82,10860,112.84,67.92,93.55,343.25,1484,2.2155,65.5375,551.805,87.17,4.29,85.57291667
2006/2/1,1.307923356,2281.39,11002,113.09,61.41,90.15,370.25,1450,2.1785,61.9258,558.4316,87.32,4.49,84.27083333
2006/3/1,1.31307212,2339.79,11195,109.16,66.63,79.5,347.75,1489,2.459,62.9661,559.4304,87.49,4.59,84.47916667
2006/4/1,1.317788237,2322.57,11427,106.84,71.88,79.2,346.25,1501,3.2205,70.1611,615.7895,86.89,4.79,85.57291667
2006/5/1,1.323155837,2178.88,11188,106.41,71.29,79.7,393.5,1473,3.6065,70.9609,675.0091,85.1,4.94,86.35416667
2006/6/1,1.328786266,2172.09,11247,106.66,73.93,84.55,371.5,1646,3.355,70.9695,599.5,86.22,4.99,86.51041667
2006/7/1,1.334151504,2091.47,11230,108.28,74.4,83.72,397.5,1486,3.55,74.4365,634.555,85.94,5.24,86.875
2006/8/1,1.339573186,2183.75,11391,110.69,70.26,90.22,404,1420,3.461,73.0835,640.3522,85.38,5.25,87.44791667
2006/9/1,1.34436216,2258.43,11749,112.41,62.91,90.65,443,1472,3.4605,63.895,603.885,85.6,5.25,86.14583333
2006/10/1,1.349199429,2366.71,12119,112.66,58.73,90.4,483,1484,3.349,59.1368,589.6409,85.9,5.25,84.47916667
2006/11/1,1.354131162,2431.77,12247,114.38,63.13,85.7,502,1483,3.189,59.3952,628.8238,85.12,5.25,85.72916667
2006/12/1,1.358610098,2415.29,12539,111.44,61.05,90.42,501,1635,2.871,62.0865,632.29,84.37,5.24,86.25
2007/1/1,1.363753775,2463.93,12660,110.12,58.14,90.22,467.5,1617,2.6015,54.6724,631.265,85.25,5.25,85.41666667
2007/2/1,1.368388988,2416.15,12274,113,61.79,94.45,474.5,1720,2.752,59.3879,670.4158,84.98,5.26,86.875
2007/3/1,1.373594049,2421.64,12440,111.25,65.87,97.6,438,1953,3.144,60.7405,655.3182,84.54,5.26,88.17708333
2007/4/1,1.378499671,2525.09,13116,111.75,65.71,97.28,485.5,1815,3.5565,64.036,684.235,83.42,5.25,89.27083333
2007/5/1,1.383714995,2604.52,13650,109.16,64.01,91.15,517,1883,3.3915,63.5309,668.9545,82.76,5.25,90.26041667
2007/6/1,1.389599078,2603.23,13517,107.75,70.68,85.5,582,2054,3.4505,67.5295,659.0333,82.6,5.25,90.52083333
2007/7/1,1.39513063,2545.57,13275,110.06,78.21,94.88,630,1942,3.642,74.1505,667.6048,81.53,5.26,91.19791667
2007/8/1,1.400565574,2596.36,13364,111.78,74.04,94.1,767,1868,3.403,72.3587,675.5,81.94,5.02,89.79166667
2007/9/1,1.405123248,2701.5,13994,111.34,81.66,96.95,939,2036,3.64,79.6263,723.4474,80.82,4.94,90.36458333
2007/10/1,1.410194419,2859.12,13936,112.59,94.53,94.8,808,1945,3.4795,85.6583,760.9522,79.17,4.76,90.98958333
2007/11/1,1.414626382,2660.96,13422,117.19,88.71,93.85,867,1978,3.1785,94.6314,807.4143,77.89,4.49,93.22916667
2007/12/1,1.419017618,2652.28,13328,116.38,95.98,96.25,885,2035,3.041,91.7425,812.695,78.58,4.24,93.02083333
2008/1/1,1.423244033,2389.86,12614,119.31,91.75,90.9,929.5,2326,3.307,92.929,892.9048,77.92,3.94,94.27083333
2008/2/1,1.427098652,2271.48,12306,119.69,101.84,92.97,1073,2754,3.855,95.349,928.645,77.33,2.98,95.15625
2008/3/1,1.431074142,2279.1,12257,118.8,101.58,87.42,929,2321,3.827,105.42,964.395,75.72,2.61,97.86458333
2008/4/1,1.435456806,2412.8,12807,116.89,113.46,91.65,787.25,2882,3.9045,112.4627,913.0591,75.39,2.28,99.42708333
2008/5/1,1.439694524,2522.66,12637,114.47,127.35,96.53,761.5,2723,3.606,125.4586,889.3571,75.65,1.98,102.3958333
2008/6/1,1.444612909,2292.98,11339,115.59,140,100.6,843.5,3245,3.8825,134.0157,892.7857,75.76,2,104.4270833
2008/7/1,1.449227819,2325.55,11359,115.5,124.08,98.4,783.75,2858,3.656,133.4845,941.1636,75.13,2.01,107.03125
2008/8/1,1.453920557,2367.52,11541,118.19,115.46,101.78,779.25,2864,3.3995,116.6881,842.3667,76.97,2,103.6458333
2008/9/1,1.457828473,2091.88,10861,117.17,100.64,98.9,680,2558,2.879,103.7638,833.919,78.85,1.81,102.5520833
2008/10/1,1.462260589,1720.95,9298,113.12,67.81,93.75,536.25,2053,1.8345,76.7239,804.8043,84.08,0.97,97.08333333
2008/11/1,1.466128268,1535.57,8821,128.56,54.43,87.38,542.5,2372,1.644,57.4411,755.5105,86.35,0.39,92.08333333
2008/12/1,1.468952159,1577.03,8727,138.05,44.6,84.47,610.75,2665,1.41,42.0423,823.9773,85.52,0.16,89.01041667
2009/1/1,1.471631932,1476.42,7955,126.7,41.68,82,568,2771,1.4755,41.9235,862.105,86,0.15,89.16666667
2009/2/1,1.47481638,1377.84,7052,124.61,44.76,82.53,510.5,2508,1.5385,39.2584,942.8158,88.13,0.22,88.17708333
2009/3/1,1.47828164,1528.59,7562,129.7,49.66,83.92,532.75,2605,1.849,48.0618,925.7182,88.56,0.18,87.55208333
2009/4/1,1.481723684,1717.3,8126,122.56,51.12,87.55,524.25,2345,2.0475,49.9495,895.1143,86.4,0.15,88.07291667
2009/5/1,1.485420136,1774.33,8488,119.09,66.31,81.33,637.25,2588,2.1995,59.2125,931.885,83.78,0.18,88.95833333
2009/6/1,1.490027189,1835.04,8394,118.36,69.89,82.53,511.25,2487,2.272,69.6955,947.0136,82.78,0.21,90.67708333
2009/7/1,1.49425811,1978.5,9126,119,69.45,84.7,528.25,2892,2.6245,64.2932,935.7545,82.49,0.16,89.84375
2009/8/1,1.498724875,2009.06,9486,120.94,69.96,82.67,471,2772,2.821,71.1386,951.8238,81.41,0.16,91.14583333
2009/9/1,1.502604183,2122.42,9653,121.38,70.61,85.6,457.5,3140,2.819,69.4681,1003.8571,80.8,0.15,90.67708333
2009/10/1,1.5064772,2045.11,9664,120.16,77,81.65,494.25,3297,2.9605,75.8236,1048.5182,79.64,0.12,91.25
2009/11/1,1.510342031,2144.6,10334,123.34,77.28,83.2,586.5,3214,3.168,78.145,1130.34,79.27,0.12,92.39583333
2009/12/1,1.514664017,2269.15,10365,115.38,79.36,86,541.13,3289,3.3465,74.6032,1132.1091,79.56,0.12,92.76041667
2010/1/1,1.51914048,2147.35,10017,118.81,72.89,85.8,473.13,3184,3.0595,78.4026,1119.4632,79.74,0.11,94.73958333
2010/2/1,1.523175985,2238.26,10311,119.19,79.66,90.3,519.13,2917,3.284,76.4526,1099.8947,80.92,0.13,94.27083333
2010/3/1,1.527907212,2397.96,10797,116.12,83.76,96.55,450.38,2969,3.563,81.29,1115.8261,80.29,0.16,95.46875
2010/4/1,1.532805197,2461.19,10960,119.06,86.15,99.92,505.13,3229,3.3535,84.5752,1152.0952,79.94,0.2,96.04166667
2010/5/1,1.536965668,2257.04,10126,123.22,73.97,90.53,458.38,2965,3.115,74.1175,1204.51,82.3,0.2,96.25
2010/6/1,1.540727498,2109.24,9716,127.5,75.63,91.25,479.25,2894,2.9505,75.4045,1237.4545,82.85,0.18,95.57291667
2010/7/1,1.544418241,2254.7,10417,128.72,78.95,92.65,661.38,3091,3.32,76.3829,1201.8714,81.49,0.18,95.88541667
2010/8/1,1.547891427,2114.03,10006,136.44,71.92,97.25,689.38,2698,3.3685,76.6668,1223.8864,80.76,0.19,96.30208333
2010/9/1,1.550760186,2368.62,10723,133.72,79.97,96.7,676.13,2814,3.6515,75.5486,1281.2333,80.04,0.19,96.30208333
2010/10/1,1.553744224,2507.41,11066,130.94,81.43,98.85,727.38,2797,3.739,81.9748,1351.6524,77.73,0.19,97.1875
2010/11/1,1.556996493,2498.23,10996,128.72,84.11,103.08,689.63,2772,3.8255,84.3148,1371.555,77.96,0.19,97.76041667
2010/12/1,1.561080788,2652.87,11513,122.12,91.38,107.9,792.63,3035,4.447,89.2332,1394.5727,78.58,0.18,98.80208333
2011/1/1,1.565094658,2700.08,11840,120.62,92.19,108.95,838.63,3352,4.4635,89.5785,1362.54,77.69,0.17,100.3645833
2011/2/1,1.569314824,2782.27,12214,121.94,96.97,110.25,816.38,3757,4.4965,89.7432,1374.9474,77.14,0.16,101.9791667
2011/3/1,1.57377998,2781.07,12252,120.19,106.72,121.55,759.13,2952,4.317,102.9813,1423.0565,76.37,0.14,103.75
2011/4/1,1.57789923,2873.54,12756,122.38,113.93,117.05,804.13,3390,4.179,110.0385,1482.5,75.14,0.1,105.78125
2011/5/1,1.581876253,2835.3,12558,126.16,102.7,103.75,787.13,2999,4.1875,101.3567,1511.6952,75.03,0.09,106.3020833
2011/6/1,1.585833939,2773.52,12345,123.03,95.42,112.75,600.38,3170,4.2825,96.2886,1528.4682,75.06,0.09,106.1979167
2011/7/1,1.58961351,2754.92,12088,128.12,95.7,112.62,674.88,2974,4.4895,97.3405,1577.88,74.6,0.07,106.5625
2011/8/1,1.592664301,2579.46,11603,137.31,88.81,113,788.13,3098,4.1995,86.3409,1761.4348,74.98,0.1,105.8333333
2011/9/1,1.595166715,2415.4,10841,142.62,79.2,122.15,606,2608,3.152,85.61,1764.881,77.16,0.08,106.09375
2011/10/1,1.59765425,2684.41,11897,139.03,93.19,119.8,629.25,2696,3.642,86.4281,1673.1333,78,0.07,104.7395833
2011/11/1,1.600091278,2620.34,12034,141.62,100.36,121.6,614.88,2162,3.5735,97.1629,1745.381,78.5,0.08,104.8958333
2011/12/1,1.602499531,2605.15,12150,144.81,98.83,122.9,653.13,2109,3.436,98.5757,1644.6429,79.17,0.07,104.0625
2012/1/1,1.604687945,2813.84,12577,145.44,98.48,124.85,666.63,2291,3.797,100.3185,1661.895,78.85,0.08,104.53125
2012/2/1,1.607193678,2966.89,12937,143.09,107.07,127.65,667.88,2383,3.8795,102.2625,1745.615,77.44,0.1,105
2012/3/1,1.609977151,3091.57,13142,137.75,103.02,120.45,658.88,2246,3.8295,106.205,1677.8227,77.87,0.13,106.3541667
2012/4/1,1.612491865,3046.36,13155,142.88,104.87,118.75,652.63,2219,3.8295,103.346,1651.72,78.12,0.14,106.09375
2012/5/1,1.61480953,2827.34,12383,150.28,86.53,117.1,645.63,2088,3.3705,94.7159,1589.1273,79.53,0.16,105.15625
2012/6/1,1.616992727,2935.05,12808,147.97,84.96,116.55,758.88,2291,3.4965,82.4052,1601.8524,80.64,0.16,104.0625
2012/7/1,1.618956393,2939.52,12949,151.03,88.06,118.88,892.63,2388,3.4235,87.87,1593.9143,80.24,0.16,104.21875
2012/8/1,1.621220586,3066.96,13079,150.5,96.47,118.08,888.63,2656,3.4575,94.1609,1633.0696,79.56,0.13,105.5729167
2012/9/1,1.623326886,3116.23,13355,149.38,92.19,122.08,895.63,2516,3.758,94.5584,1751.6842,78.32,0.14,106.4583333
2012/10/1,1.625483675,2977.23,13030,149.31,86.24,126.75,866.88,2388,3.523,89.5709,1746.0783,78.02,0.16,105.9895833
2012/11/1,1.627520456,3010.24,13008,151.41,88.91,126.72,863.5,2538,3.645,86.7324,1722.2429,78.57,0.16,105.1041667
2012/12/1,1.629740859,3019.51,13027,147.5,91.82,129.9,778.5,2236,3.6525,88.2455,1685.595,78.04,0.16,104.9479167
2013/1/1,1.632016271,3142.13,13797,143.47,97.49,127.62,781.63,2205,3.7395,94.8286,1671.281,78.07,0.14,105.46875
2013/2/1,1.63434684,3160.19,14038,145.28,92.05,128,716.38,2146,3.5475,95.3216,1628.2,78.62,0.15,106.40625
2013/3/1,1.636885914,3267.52,14497,144.47,97.23,128.9,684.5,2170,3.4125,92.957,1591.895,79.36,0.14,106.25
2013/4/1,1.638997497,3328.79,14773,148.38,93.46,128.4,730.25,2368,3.1875,92.0677,1485.0455,79.04,0.15,105.9895833
2013/5/1,1.641516565,3455.91,15100,141.06,91.97,121.3,706.63,2200,3.3,94.7995,1416.5591,79.44,0.11,106.3020833
2013/6/1,1.644376783,3403.24,14824,135.84,96.56,118.15,656.88,2164,3.0575,95.8005,1342.315,79.98,0.09,106.40625
2013/7/1,1.647761459,3626.37,15433,134.06,105.03,121.45,663.63,2308,3.125,104.6986,1286.0455,80.42,0.09,106.4583333
2013/8/1,1.651520103,3589.87,14795,133.34,107.65,122.7,654.88,2436,3.2305,106.5386,1352.2773,80.28,0.08,106.3541667
2013/9/1,1.654882382,3771.48,15046,133.38,102.33,127.85,679.13,2643,3.323,106.235,1346.08,80.19,0.08,106.1979167
2013/10/1,1.658189274,3919.71,15477,134.81,96.38,134.5,667.38,2688,3.3045,100.5526,1317.0391,79.33,0.09,105.46875
2013/11/1,1.661587904,4059.89,16066,132.22,92.72,133.47,668.25,2788,3.2155,93.9315,1275.21,80.01,0.08,104.7916667
2013/12/1,1.665423403,4176.59,16494,128.31,98.42,134.5,605.13,2716,3.3965,97.8943,1223.919,80.14,0.09,105.2083333
2014/1/1,1.669045095,4103.88,15630,133.59,97.49,141.68,555,2922,3.2,94.8567,1244.0952,80.85,0.07,106.1458333
2014/2/1,1.672454716,4308.12,16307,134.59,102.59,151.95,600.38,2957,3.1875,100.6753,1300.7211,80.98,0.07,107.1354167
2014/3/1,1.676250259,4198.99,16373,133.22,101.58,145.85,697.13,2968,3.0245,100.509,1336.5286,80.93,0.08,107.8125
2014/4/1,1.679857372,4114.56,16511,134.94,99.74,145.82,721.5,2980,3.0275,102.0348,1298.7476,80.66,0.09,108.4895833
2014/5/1,1.683128224,4242.62,16704,138.25,102.71,137.8,628.13,3070,3.1205,101.7948,1287.8095,80.41,0.09,108.3333333
2014/6/1,1.686772999,4408.18,16740,137.19,105.37,153,576.75,3127,3.2035,105.1467,1282.4095,80.57,0.1,108.4895833
2014/7/1,1.690191158,4369.77,16494,137.41,98.17,157.93,530.38,3186,3.236,102.3918,1311.6545,80.37,0.09,108.3333333
2014/8/1,1.693599711,4580.27,17085,141.53,95.96,155.9,563.38,3229,3.153,96.0762,1296.681,81.1,0.09,107.8125
2014/9/1,1.696865413,4493.39,16965,137.91,91.16,160.45,478.63,3259,3.0075,93.0343,1236.4762,82.27,0.09,107.5
2014/10/1,1.699852014,4630.74,17311,141.09,80.54,169.5,531.25,2893,3.047,84.3391,1223.5696,83.31,0.09,105.9375
2014/11/1,1.702816839,4791.63,17812,144.06,66.15,168.88,578.38,2843,2.856,75.81,1176.5842,84.66,0.09,104.6354167
2014/12/1,1.705812809,4736.05,17752,144.56,53.27,165.7,589.88,2892,2.8255,59.2895,1200.4091,86.6,0.12,102.6041667
2015/1/1,1.708244239,4635.24,17097,151.28,48.24,154.85,503.25,2698,2.4955,47.3255,1253.205,88.39,0.11,100
2015/2/1,1.710672663,4963.53,18127,147.03,49.76,158,512,3016,2.6915,50.7232,1225.4842,89.62,0.11,99.53125
2015/3/1,1.713584695,4900.89,17703,163.88,47.6,161.32,512.88,2699,2.741,47.8541,1177.8545,91.23,0.11,99.73958333
2015/4/1,1.71634785,4941.42,17759,159.59,59.63,159.5,475.38,2943,2.8865,54.6281,1201.3381,90.61,0.12,99.42708333
2015/5/1,1.719341242,5070.03,18009,157.19,60.3,152.32,477.88,3078,2.733,59.372,1197.865,89.86,0.12,100.7291667
2015/6/1,1.722727824,4986.87,17523,150.84,59.47,147.85,616.63,3269,2.615,59.8286,1181.4818,90.5,0.13,101.4583333
2015/7/1,1.725919863,5128.28,17614,155.94,47.12,145.7,498.13,3221,2.369,50.93,1128.3364,91.96,0.13,100.9895833
2015/8/1,1.729036793,4776.51,16508,156.12,49.2,145.5,485.38,3099,2.3385,42.889,1118.819,93.58,0.14,99.94791667
2015/9/1,1.731895341,4620.17,16172,157.34,45.09,124.67,512.25,3117,2.341,45.4652,1123.8667,94.21,0.14,98.48958333
2015/10/1,1.734623077,5053.75,17594,156.44,46.59,139.25,522.13,3263,2.3235,46.2895,1159.2864,93.43,0.12,97.65625
2015/11/1,1.737582949,5108.67,17714,155.41,41.65,130.05,475.63,3339,2.046,42.923,1083.885,94.93,0.12,96.71875
2015/12/1,1.740689194,5007.41,17341,153.75,37.04,135.8,469.38,3207,2.135,37.3273,1069.0273,95.85,0.24,95.57291667
2016/1/1,1.743562781,4613.95,16356,161.03,33.62,135.3,479.38,2767,2.0705,31.7758,1097.2895,97.85,0.34,95.10416667
2016/2/1,1.745811093,4557.95,16497,165.88,33.75,139.5,452.88,2955,2.1325,30.6165,1201.57,97.04,0.38,94.42708333
2016/3/1,1.74843993,4869.85,17595,164.44,38.34,132.93,474.5,2959,2.188,37.9609,1246.4227,95.19,0.36,94.84375
2016/4/1,1.751070222,4775.36,17693,163.31,45.92,123.1,489.25,3233,2.2835,41.1248,1243.8429,93.59,0.37,95.41666667
2016/5/1,1.753586059,4948.06,17774,164.72,49.1,121.1,463.75,3026,2.1,46.7967,1260.7857,94.55,0.37,96.51041667
2016/6/1,1.755884146,4842.67,17819,172.34,48.33,120,448,2963,2.1955,48.8532,1279.1909,94.97,0.38,97.70833333
2016/7/1,1.757980059,5162.13,18362,174.44,41.6,113.08,407.25,2846,2.225,44.7995,1340.22,95.54,0.39,97.76041667
2016/8/1,1.760260337,5213.22,18395,171.84,44.7,111.95,387.5,2898,2.075,44.7991,1344.4826,94.66,0.4,97.1875
2016/9/1,1.762444081,5312,18219,168.16,48.24,98.9,401.75,2734,2.2105,45.2257,1330.3667,95.4,0.4,97.34375
2016/10/1,1.764697582,5189.14,18062,162.72,46.86,103.1,415.25,2643,2.208,49.94,1266.0476,96.31,0.4,97.23958333
2016/11/1,1.767561205,5323.68,19132,152.66,49.44,110.75,403,2389,2.6295,45.7643,1236.5524,98.78,0.41,97.03125
2016/12/1,1.770912527,5383.12,19720,150.66,53.72,119,407.75,2113,2.5055,52.1657,1153.5524,100.45,0.54,98.02083333
2017/1/1,1.774034081,5614.79,19792,150.84,52.81,115.6,421,2102,2.7335,52.6085,1195.0905,100.45,0.65,99.32291667
2017/2/1,1.777269581,5825.44,20807,152.94,54.01,126.6,443.75,1909,2.714,53.4621,1236.2368,98.94,0.66,99.79166667
2017/3/1,1.780945181,5911.74,20604,150.84,50.6,119.95,425.75,2098,2.66,49.6739,1231.9261,98.46,0.79,99.73958333
2017/4/1,1.784030032,6047.61,20874,152.97,49.33,138,432.62,1841,2.6075,51.1174,1271.1368,97.68,0.9,100.5208333
2017/5/1,1.78716943,6198.52,21002,155.12,48.32,124.42,429.5,2056,2.5865,48.5395,1246.7261,97.2,0.91,100.4166667
2017/6/1,1.790426275,6140.42,21300,153.69,46.04,119.1,525.75,1940,2.711,45.1959,1262.3364,95.85,1.04,100.8333333
2017/7/1,1.793720091,6348.12,21842,152.97,50.17,112,474.25,2087,2.9,46.6943,1238.0476,94.58,1.15,100.78125
2017/8/1,1.797022226,6428.66,21950,157.38,47.23,104.53,435.5,1926,3.094,48.0578,1289.8826,93.42,1.16,100.9375
2017/9/1,1.800019986,6495.96,22346,152.81,51.67,109.1,448.25,2034,2.955,49.759,1319.6,92.54,1.15,101.4583333
2017/10/1,1.803399114,6727.67,23325,152.47,54.38,120.5,418.5,2089,3.108,51.5945,1282.4818,94.25,1.15,101.5104167
2017/11/1,1.806775023,6873.97,24274,152.84,57.4,119.9,434.38,2049,3.0555,56.7486,1283.6545,94.45,1.16,102.03125
2017/12/1,1.809920513,6903.39,24735,153,60.42,123,427.5,1893,3.3005,57.947,1268.92,94.12,1.3,102.2395833
2018/1/1,1.813640448,7411.48,26136,147.81,64.73,123.85,451.5,2020,3.2065,63.7118,1333.7762,92.04,1.41,103.0729167
2018/2/1,1.817372151,7273.01,25038,144.44,61.64,127.5,492.5,2218,3.1325,62.1885,1332.7579,91.19,1.42,103.8020833
2018/3/1,1.821481202,7063.45,24147,146.62,64.94,113.75,451.75,2584,3.037,62.7719,1326.9905,91.43,1.51,103.8020833
2018/4/1,1.825457442,7066.27,24131,143.84,68.57,123.75,511.25,2825,3.074,66.3262,1338.3762,91.39,1.69,104.3229167
2018/5/1,1.829790258,7442.12,24417,146,67.04,105.05,524.75,2507,3.075,69.8326,1305.4391,93.99,1.7,105.8333333
2018/6/1,1.83423113,7510.3,24265,145,74.15,107,502,2512,2.966,67.3229,1283.8762,95.55,1.82,106.3541667
2018/7/1,1.838446388,7671.79,25395,142.97,68.76,107.67,554.5,2220,2.8405,70.6523,1240.6727,96,1.91,106.40625
2018/8/1,1.842872647,8109.54,25988,144.97,69.8,106.8,546.5,2336,2.6645,67.8452,1207.7565,96.77,1.91,105.9375
2018/9/1,1.846857161,8046.35,26476,140.5,73.25,113.45,510.5,2082,2.805,70.061,1202.5842,97.01,1.95,106.0416667
2018/10/1,1.851497725,7305.9,25077,138.12,65.31,115.85,501.25,2253,2.667,70.7578,1217.7391,97.65,2.19,106.5625
2018/11/1,1.855869784,7330.54,25539,140.53,50.93,116.92,515.5,2203,2.7865,56.5645,1222.481,98.71,2.2,105.3645833
2018/12/1,1.85948873,6635.28,23268,146,45.41,124.8,503,2449,2.631,48.983,1256.92,98.59,2.27,104.6875
2019/1/1,1.863502831,7281.74,24976,146.69,53.79,124.8,516.5,2209,2.789,51.6695,1294.3095,97.08,2.4,103.6979167
2019/2/1,1.867092191,7532.53,25913,145.12,57.22,129.95,458.75,2247,2.948,55.0345,1322.8053,96.94,2.4,103.75
2019/3/1,1.871092362,7729.32,25933,149.66,60.14,125.7,458.5,2270,2.9395,58.1681,1301.7952,97.21,2.41,104.5833333
2019/4/1,1.874697605,8095.39,26584,147.47,63.91,123.75,429,2359,2.904,63.871,1289.2667,97.33,2.42,105.2604167
2019/5/1,1.87812739,7453.15,24820,154.38,53.5,108.47,504.88,2406,2.6405,60.79,1285.9227,98.36,2.39,105.0520833
2019/6/1,1.88137342,8006.24,26593,155.59,58.47,110.5,526,2425,2.7135,54.7065,1364.095,97.98,2.38,104.3229167
2019/7/1,1.884461327,8175.42,26855,155.59,58.58,106.9,486.5,2400,2.6715,57.5139,1418.0818,97.59,2.4,104.53125
2019/8/1,1.887015343,7962.88,26406,166.06,55.1,105,461.38,2222,2.547,54.8441,1513.4364,99.4,2.13,103.75
2019/9/1,1.889444875,7999.34,26901,162.31,54.07,104.58,495.5,2456,2.5785,56.8657,1515.91,99.73,2.04,103.3333333
2019/10/1,1.89190837,8292.36,26982,161.38,54.18,111.67,508.75,2446,2.6425,54.0057,1499.1783,99.25,1.83,103.4375
2019/11/1,1.894493227,8665.47,28073,159.75,55.17,121.2,542.12,2568,2.656,57.1262,1473.19,98.94,1.55,103.6458333
2019/12/1,1.897300522,8972.6,28508,155.91,61.06,124.7,559.38,2541,2.797,59.8029,1486.4905,98.5,1.55,103.6458333
2020/1/1,1.899837818,9150.94,28196,163.53,51.56,121.38,553.38,2801,2.52,57.5845,1563.2857,97.84,1.55,103.8020833
2020/2/1,1.902100208,8567.37,25364,171.38,44.76,112.7,525.25,2672,2.54,50.6355,1599.6895,99.08,1.58,102.4479167
2020/3/1,1.903479231,7700.1,21751,179.06,20.48,101.83,567.75,2259,2.232,30.4545,1599.3864,102.64,0.65,100.5729167
2020/4/1,1.90443166,8889.55,24230,181.03,18.84,90,523.5,2414,2.344,16.699,1707.7333,104.83,0.05,96.61458333
2020/5/1,1.905404074,9489.87,25378,180,35.49,99.72,521.62,2408,2.4345,28.749,1722.86,104.19,0.05,98.22916667
2020/6/1,1.906510727,10058.77,25689,178.56,39.27,91.65,490.75,2186,2.7285,38.3136,1743.8091,101.84,0.08,99.58333333
2020/7/1,1.907458457,10745.27,26319,182.28,40.27,102.83,531,2399,2.877,40.743,1851.0136,101.08,0.09,100.5208333
2020/8/1,1.908491663,11775.46,28416,177.38,42.61,104.5,546.5,2654,3.0555,42.3995,1980.2714,99.57,0.1,101.1979167
2020/9/1,1.909478409,11167.51,27664,176.28,40.22,108.55,578.12,2527,3.0325,39.61,1929.9619,98.89,0.09,101.8229167
2020/10/1,1.91062202,10911.59,26394,172.47,35.79,105.97,598.5,2305,3.0515,39.5545,1905.55,98.34,0.09,102.34375
2020/11/1,1.911875297,12198.74,29629,173.78,45.34,110.17,581,2739,3.4335,41.53,1867.045,96.72,0.09,103.28125
2020/12/1,1.91329812,12888.28,30497,173.19,48.52,112.95,641.75,2535,3.519,47.0786,1862.8455,94.98,0.09,104.4270833
2021/1/1,1.914935585,13070.69,29879,168.72,52.2,115.05,662.62,2474,3.558,52.103,1866.2,94.56,0.09,106.6666667
2021/2/1,1.916669182,13192.35,30912,160.75,61.5,113.1,660.12,2604,4.0925,59.1255,1807.4526,94.95,0.08,109.6875
2021/3/1,1.919242102,13246.87,32898,154.59,59.16,120.97,618.75,2385,4,62.3578,1719.987,96.28,0.07,111.9791667
2021/4/1,1.921743375,13962.68,33767,157.25,63.58,116,735.3,2382,4.468,61.7148,1760.9095,95.69,0.07,113.4895833
2021/5/1,1.924103334,13748.74,34513,158.12,66.32,115.88,664.12,2456,4.681,65.2348,1851.045,94.51,0.06,117.1354167
2021/6/1,1.926539074,14503.95,34399,160.75,73.47,122.5,680.25,2389,4.289,71.3432,1835.75,94.78,0.08,119.21875
2021/7/1,1.928559751,14672.68,34832,164.72,73.95,122.08,703.5,2422,4.4655,72.5982,1806.2048,95.99,0.1,120.7552083
2021/8/1,1.930621995,15259.24,35340,164.53,68.5,118.95,724,2540,4.37,67.7032,1788.3727,96.25,0.09,121.5703125
2021/9/1,1.932557309,14448.58,33722,159.22,75.03,120.58,725.75,2677,4.089,71.4227,1778.1619,96.23,0.08,122.7489583
2021/10/1,1.934874182,15498.39,35704,160.84,83.57,127.38,772.75,2580,4.359,81.2014,1777.4286,96.87,0.08,125.2421875
2021/11/1,1.937160118,15537.69,34457,163.69,66.18,135.88,773.75,2346,4.2805,78.6214,1820.0714,97.65,0.08,126.7119792
2021/12/1,1.939422244,15644.97,36226,160.44,75.21,138.9,770.75,2553,4.4635,71.7674,1792.5318,98.3,0.08,125.696875
2022/1/1,1.941901332,14239.88,34997,155.62,88.15,139.57,761.25,2576,4.3265,82.9771,1816.945,97.77,0.08,128.3609375
2022/2/1,1.944874868,13751.4,33840,154.59,95.72,140.5,928,2529,4.4545,91.605,1858.9895,97.71,0.08,131.59375
2022/3/1,1.948323498,14220.52,34618,150.06,100.28,139.38,1006,2687,4.752,108.1539,1952.3174,98.98,0.2,135.4239583
2022/4/1,1.952202497,12334.64,32882,140.69,104.69,141.9,1055.75,2567,4.4085,101.6125,1937.545,99.72,0.33,138.1822917
2022/5/1,1.956507245,12081.39,32971,140.44,114.67,130.53,1088,2515,4.299,109.4709,1846.9762,102,0.77,142.3182292
2022/6/1,1.961399254,11028.74,30781,137.75,105.76,138,884,2340,3.71,114.2852,1838.781,102.43,1.21,145.9640625
2022/7/1,1.965907359,12390.69,32825,143.5,98.62,136.45,807.75,2373,3.575,99.7962,1731.76,104.62,1.68,141.809375
2022/8/1,1.97065474,11816.2,31532,135.78,89.55,141.55,831.5,2413,3.519,91.4883,1778.6478,104.46,2.33,140.3885417
2022/9/1,1.976171081,10575.62,28801,126.22,79.49,143.28,921.5,2340,3.4125,84.0259,1690.0571,107.29,2.56,139.5302083
2022/10/1,1.981875485,10988.15,32775,120.19,86.53,146.78,882.25,2343,3.375,86.961,1672.7381,109.19,3.08,138.0526042
2022/11/1,1.987717513,11468,34599,127,80.56,153.07,795.5,2498,3.738,84.1132,1729.019,106.73,3.78,137.0609375
2022/12/1,1.993186617,10466.48,33285,126.06,80.47,154.82,792,2601,3.8105,76.5248,1807.7286,104.47,4.1,134.3213542
2023/1/1,1.998074769,11584.55,34156,131.38,80.11,158.85,761.25,2629,4.226,78.2229,1903.615,102.35,4.33,135.5348958
2023/2/1,2.004001558,11455.54,32682,125.22,77.05,167.5,705.5,2789,4.074,76.9015,1864.4158,102.69,4.57,134.7234375
2023/3/1,2.010118845,12221.91,33460,131.25,75.67,168.35,692.25,2894,4.0945,73.3874,1918.3478,103.26,4.65,133.8864583
2023/4/1,2.015638696,12226.58,34200,131.91,76.78,175.18,633.75,2937,3.8812,79.4426,2013.7579,102.17,4.83,133.80625
2023/5/1,2.021141109,12935.29,32979,128.34,68.09,169.12,594.25,3019,3.637,71.6817,1998.7682,102.7,5.06,132.1197917
2023/6/1,2.026905023,13787.92,34643,127.12,70.64,181.5,651,3318,3.7595,70.3527,1954.6286,103.05,5.08,132.21875
2023/7/1,2.033177972,14346.02,35695,124.69,81.8,178.05,665.75,3548,4.008,75.811,1956.465,102.28,5.12,132.2057292
2023/8/1,2.040239582,14034.97,34791,121.69,83.63,179.72,602,3602,3.822,81.29,1949.9478,103.75,5.33,134.2083333
2023/9/1,2.047330225,13219.32,33725,113.84,90.79,184.2,541.5,3418,3.7375,89.2343,1934.715,105.16,5.33,134.8614583
2023/10/1,2.054493037,12851.24,33135,109.38,81.02,183.75,556.25,3817,3.649,85.4364,1928.6227,106.67,5.33,132.8755208
2023/11/1,2.061851857,14226.22,36010,116.44,75.96,170.88,598,4475,3.8505,77.3427,1991.1905,104.81,5.33,131.8036458
2023/12/1,2.068131134,15011.35,38372,125.03,71.65,173.68,639.5,4196,3.8905,72.1485,2046.035,103.48,5.33,130.0869792
2024/1/1,2.074807123,15164.01,38663,122.34,75.85,177.35,605.25,4822,3.917,73.7773,2035.0227,103.77,5.33,130.571875
2024/2/1,2.08113303,16091.92,39468,119.25,78.26,184,576.25,6510,3.847,76.6443,2038.3286,104.029425,5.33,132.7393681
2024/3/1,2.088306435,16265.64,39488,120.44,83.17,185,560.25,9766,4.007,80.3845,2168.585,NaN,5.5,NaN
2024/4/1,2.095504566,16397.25,39703,116.94,85.53,178.25,565.1,9795,4.1943,85.558,2301.56,NaN,NaN,NaN
